Pn101520,VSCVVSDGVMSFTLDAAEELLLPEI,18,16,2,18,18,16,3,6,18,11,16,5,17,10,3,1,1,4,4,10,10,10,13,4,8
Pn101520,SCVVSDGVMSFTLDAAEELLLPEIV,16,2,18,18,16,3,6,18,11,16,5,17,10,3,1,1,4,4,10,10,10,13,4,8,18
Pn101520,CVVSDGVMSFTLDAAEELLLPEIVF,2,18,18,16,3,6,18,11,16,5,17,10,3,1,1,4,4,10,10,10,13,4,8,18,5
Pn101520,VVSDGVMSFTLDAAEELLLPEIVFW,18,18,16,3,6,18,11,16,5,17,10,3,1,1,4,4,10,10,10,13,4,8,18,5,19
Pn101520,VSDGVMSFTLDAAEELLLPEIVFWT,18,16,3,6,18,11,16,5,17,10,3,1,1,4,4,10,10,10,13,4,8,18,5,19,17
Pn101520,SDGVMSFTLDAAEELLLPEIVFWTT,16,3,6,18,11,16,5,17,10,3,1,1,4,4,10,10,10,13,4,8,18,5,19,17,17
Pn101520,DGVMSFTLDAAEELLLPEIVFWTTS,3,6,18,11,16,5,17,10,3,1,1,4,4,10,10,10,13,4,8,18,5,19,17,17,16
Pn101520,GVMSFTLDAAEELLLPEIVFWTTSA,6,18,11,16,5,17,10,3,1,1,4,4,10,10,10,13,4,8,18,5,19,17,17,16,1
Pn101520,VMSFTLDAAEELLLPEIVFWTTSAC,18,11,16,5,17,10,3,1,1,4,4,10,10,10,13,4,8,18,5,19,17,17,16,1,2
Pn101520,MSFTLDAAEELLLPEIVFWTTSACG,11,16,5,17,10,3,1,1,4,4,10,10,10,13,4,8,18,5,19,17,17,16,1,2,6
Pn101520,SFTLDAAEELLLPEIVFWTTSACGF,16,5,17,10,3,1,1,4,4,10,10,10,13,4,8,18,5,19,17,17,16,1,2,6,5
Pn101520,FTLDAAEELLLPEIVFWTTSACGFL,5,17,10,3,1,1,4,4,10,10,10,13,4,8,18,5,19,17,17,16,1,2,6,5,10
Pn101520126,TLDAAEELLLPEIVFWTTSACGFLA,17,10,3,1,1,4,4,10,10,10,13,4,8,18,5,19,17,17,16,1,2,6,5,10,1
Pn101520127,LDAAEELLLPEIVFWTTSACGFLAY,10,3,1,1,4,4,10,10,10,13,4,8,18,5,19,17,17,16,1,2,6,5,10,1,20
Pn101520128,DAAEELLLPEIVFWTTSACGFLAYR,3,1,1,4,4,10,10,10,13,4,8,18,5,19,17,17,16,1,2,6,5,10,1,20,15
Pn101520129,AAEELLLPEIVFWTTSACGFLAYRH,1,1,4,4,10,10,10,13,4,8,18,5,19,17,17,16,1,2,6,5,10,1,20,15,7
Pn101520130,AEELLLPEIVFWTTSACGFLAYRHY,1,4,4,10,10,10,13,4,8,18,5,19,17,17,16,1,2,6,5,10,1,20,15,7,20
Pn101520131,EELLLPEIVFWTTSACGFLAYRHYK,4,4,10,10,10,13,4,8,18,5,19,17,17,16,1,2,6,5,10,1,20,15,7,20,9
Pn101520132,ELLLPEIVFWTTSACGFLAYRHYKE,4,10,10,10,13,4,8,18,5,19,17,17,16,1,2,6,5,10,1,20,15,7,20,9,4
Pn101520133,LLLPEIVFWTTSACGFLAYRHYKEL,10,10,10,13,4,8,18,5,19,17,17,16,1,2,6,5,10,1,20,15,7,20,9,4,10
Pn101520134,LLPEIVFWTTSACGFLAYRHYKELR,10,10,13,4,8,18,5,19,17,17,16,1,2,6,5,10,1,20,15,7,20,9,4,10,15
Pn101520135,LPEIVFWTTSACGFLAYRHYKELRE,10,13,4,8,18,5,19,17,17,16,1,2,6,5,10,1,20,15,7,20,9,4,10,15,4
Pn101520136,PEIVFWTTSACGFLAYRHYKELRER,13,4,8,18,5,19,17,17,16,1,2,6,5,10,1,20,15,7,20,9,4,10,15,4,15
Pn101520137,EIVFWTTSACGFLAYRHYKELRERK,4,8,18,5,19,17,17,16,1,2,6,5,10,1,20,15,7,20,9,4,10,15,4,15,9
Pn101520138,IVFWTTSACGFLAYRHYKELRERKI,8,18,5,19,17,17,16,1,2,6,5,10,1,20,15,7,20,9,4,10,15,4,15,9,8
Pn101520139,VFWTTSACGFLAYRHYKELRERKIV,18,5,19,17,17,16,1,2,6,5,10,1,20,15,7,20,9,4,10,15,4,15,9,8,18
Pn101520140,FWTTSACGFLAYRHYKELRERKIVP,5,19,17,17,16,1,2,6,5,10,1,20,15,7,20,9,4,10,15,4,15,9,8,18,13
Pn101520141,WTTSACGFLAYRHYKELRERKIVPF,19,17,17,16,1,2,6,5,10,1,20,15,7,20,9,4,10,15,4,15,9,8,18,13,5
Pn101520142,TTSACGFLAYRHYKELRERKIVPFK,17,17,16,1,2,6,5,10,1,20,15,7,20,9,4,10,15,4,15,9,8,18,13,5,9
Pn101520143,TSACGFLAYRHYKELRERKIVPFKD,17,16,1,2,6,5,10,1,20,15,7,20,9,4,10,15,4,15,9,8,18,13,5,9,3
Pn101520144,SACGFLAYRHYKELRERKIVPFKDE,16,1,2,6,5,10,1,20,15,7,20,9,4,10,15,4,15,9,8,18,13,5,9,3,4
Pn101520145,ACGFLAYRHYKELRERKIVPFKDES,1,2,6,5,10,1,20,15,7,20,9,4,10,15,4,15,9,8,18,13,5,9,3,4,16
Pn101520146,CGFLAYRHYKELRERKIVPFKDESC,2,6,5,10,1,20,15,7,20,9,4,10,15,4,15,9,8,18,13,5,9,3,4,16,2
Pn101520147,GFLAYRHYKELRERKIVPFKDESCL,6,5,10,1,20,15,7,20,9,4,10,15,4,15,9,8,18,13,5,9,3,4,16,2,10
Pn101520148,FLAYRHYKELRERKIVPFKDESCLK,5,10,1,20,15,7,20,9,4,10,15,4,15,9,8,18,13,5,9,3,4,16,2,10,9
Pn101520149,LAYRHYKELRERKIVPFKDESCLKE,10,1,20,15,7,20,9,4,10,15,4,15,9,8,18,13,5,9,3,4,16,2,10,9,4
Pn101520150,AYRHYKELRERKIVPFKDESCLKED,1,20,15,7,20,9,4,10,15,4,15,9,8,18,13,5,9,3,4,16,2,10,9,4,3
Pn101520151,YRHYKELRERKIVPFKDESCLKEDN,20,15,7,20,9,4,10,15,4,15,9,8,18,13,5,9,3,4,16,2,10,9,4,3,12
Pn101520152,RHYKELRERKIVPFKDESCLKEDNL,15,7,20,9,4,10,15,4,15,9,8,18,13,5,9,3,4,16,2,10,9,4,3,12,10
Pn101520153,HYKELRERKIVPFKDESCLKEDNLY,7,20,9,4,10,15,4,15,9,8,18,13,5,9,3,4,16,2,10,9,4,3,12,10,20
Pn101520154,YKELRERKIVPFKDESCLKEDNLYT,20,9,4,10,15,4,15,9,8,18,13,5,9,3,4,16,2,10,9,4,3,12,10,20,17
Pn101520155,KELRERKIVPFKDESCLKEDNLYTP,9,4,10,15,4,15,9,8,18,13,5,9,3,4,16,2,10,9,4,3,12,10,20,17,13
Pn101520156,ELRERKIVPFKDESCLKEDNLYTPV,4,10,15,4,15,9,8,18,13,5,9,3,4,16,2,10,9,4,3,12,10,20,17,13,18
Pn101520157,LRERKIVPFKDESCLKEDNLYTPVH,10,15,4,15,9,8,18,13,5,9,3,4,16,2,10,9,4,3,12,10,20,17,13,18,7
Pn101520158,RERKIVPFKDESCLKEDNLYTPVHG,15,4,15,9,8,18,13,5,9,3,4,16,2,10,9,4,3,12,10,20,17,13,18,7,6
Pn101520159,ERKIVPFKDESCLKEDNLYTPVHGI,4,15,9,8,18,13,5,9,3,4,16,2,10,9,4,3,12,10,20,17,13,18,7,6,8
Pn101520160,RKIVPFKDESCLKEDNLYTPVHGIH,15,9,8,18,13,5,9,3,4,16,2,10,9,4,3,12,10,20,17,13,18,7,6,8,7
Pn101520161,KIVPFKDESCLKEDNLYTPVHGIHG,9,8,18,13,5,9,3,4,16,2,10,9,4,3,12,10,20,17,13,18,7,6,8,7,6
Pn101520162,IVPFKDESCLKEDNLYTPVHGIHGL,8,18,13,5,9,3,4,16,2,10,9,4,3,12,10,20,17,13,18,7,6,8,7,6,10
Pn101520163,VPFKDESCLKEDNLYTPVHGIHGLK,18,13,5,9,3,4,16,2,10,9,4,3,12,10,20,17,13,18,7,6,8,7,6,10,9
Pn101520164,PFKDESCLKEDNLYTPVHGIHGLKD,13,5,9,3,4,16,2,10,9,4,3,12,10,20,17,13,18,7,6,8,7,6,10,9,3
Pn101520165,FKDESCLKEDNLYTPVHGIHGLKDI,5,9,3,4,16,2,10,9,4,3,12,10,20,17,13,18,7,6,8,7,6,10,9,3,8
Pn101520166,KDESCLKEDNLYTPVHGIHGLKDIK,9,3,4,16,2,10,9,4,3,12,10,20,17,13,18,7,6,8,7,6,10,9,3,8,9
Pn101520167,DESCLKEDNLYTPVHGIHGLKDIKL,3,4,16,2,10,9,4,3,12,10,20,17,13,18,7,6,8,7,6,10,9,3,8,9,10
Pn101520168,ESCLKEDNLYTPVHGIHGLKDIKLR,4,16,2,10,9,4,3,12,10,20,17,13,18,7,6,8,7,6,10,9,3,8,9,10,15
Pn101520169,SCLKEDNLYTPVHGIHGLKDIKLRD,16,2,10,9,4,3,12,10,20,17,13,18,7,6,8,7,6,10,9,3,8,9,10,15,3
Pn101520170,CLKEDNLYTPVHGIHGLKDIKLRDF,2,10,9,4,3,12,10,20,17,13,18,7,6,8,7,6,10,9,3,8,9,10,15,3,5
Pn101520171,LKEDNLYTPVHGIHGLKDIKLRDFP,10,9,4,3,12,10,20,17,13,18,7,6,8,7,6,10,9,3,8,9,10,15,3,5,13
Pn101520172,KEDNLYTPVHGIHGLKDIKLRDFPS,9,4,3,12,10,20,17,13,18,7,6,8,7,6,10,9,3,8,9,10,15,3,5,13,16
Pn101520173,EDNLYTPVHGIHGLKDIKLRDFPSF,4,3,12,10,20,17,13,18,7,6,8,7,6,10,9,3,8,9,10,15,3,5,13,16,5
Pn101520174,DNLYTPVHGIHGLKDIKLRDFPSFI,3,12,10,20,17,13,18,7,6,8,7,6,10,9,3,8,9,10,15,3,5,13,16,5,8
Pn101520175,NLYTPVHGIHGLKDIKLRDFPSFIR,12,10,20,17,13,18,7,6,8,7,6,10,9,3,8,9,10,15,3,5,13,16,5,8,15
Pn101520176,LYTPVHGIHGLKDIKLRDFPSFIRT,10,20,17,13,18,7,6,8,7,6,10,9,3,8,9,10,15,3,5,13,16,5,8,15,17
Pn101520177,YTPVHGIHGLKDIKLRDFPSFIRTT,20,17,13,18,7,6,8,7,6,10,9,3,8,9,10,15,3,5,13,16,5,8,15,17,17
Pn101520178,TPVHGIHGLKDIKLRDFPSFIRTTN,17,13,18,7,6,8,7,6,10,9,3,8,9,10,15,3,5,13,16,5,8,15,17,17,12
Pn101520179,PVHGIHGLKDIKLRDFPSFIRTTNP,13,18,7,6,8,7,6,10,9,3,8,9,10,15,3,5,13,16,5,8,15,17,17,12,13
Pn101520180,VHGIHGLKDIKLRDFPSFIRTTNPE,18,7,6,8,7,6,10,9,3,8,9,10,15,3,5,13,16,5,8,15,17,17,12,13,4
Pn101520181,HGIHGLKDIKLRDFPSFIRTTNPED,7,6,8,7,6,10,9,3,8,9,10,15,3,5,13,16,5,8,15,17,17,12,13,4,3
Pn101520182,GIHGLKDIKLRDFPSFIRTTNPEDI,6,8,7,6,10,9,3,8,9,10,15,3,5,13,16,5,8,15,17,17,12,13,4,3,8
Pn101520183,IHGLKDIKLRDFPSFIRTTNPEDIL,8,7,6,10,9,3,8,9,10,15,3,5,13,16,5,8,15,17,17,12,13,4,3,8,10
Pn101520184,HGLKDIKLRDFPSFIRTTNPEDILL,7,6,10,9,3,8,9,10,15,3,5,13,16,5,8,15,17,17,12,13,4,3,8,10,10
Pn101520185,GLKDIKLRDFPSFIRTTNPEDILLN,6,10,9,3,8,9,10,15,3,5,13,16,5,8,15,17,17,12,13,4,3,8,10,10,12
Pn101520186,LKDIKLRDFPSFIRTTNPEDILLNF,10,9,3,8,9,10,15,3,5,13,16,5,8,15,17,17,12,13,4,3,8,10,10,12,5
Pn101520187,KDIKLRDFPSFIRTTNPEDILLNFM,9,3,8,9,10,15,3,5,13,16,5,8,15,17,17,12,13,4,3,8,10,10,12,5,11
Pn101520188,DIKLRDFPSFIRTTNPEDILLNFMD,3,8,9,10,15,3,5,13,16,5,8,15,17,17,12,13,4,3,8,10,10,12,5,11,3
Pn101520189,IKLRDFPSFIRTTNPEDILLNFMDR,8,9,10,15,3,5,13,16,5,8,15,17,17,12,13,4,3,8,10,10,12,5,11,3,15
Pn101520190,KLRDFPSFIRTTNPEDILLNFMDRE,9,10,15,3,5,13,16,5,8,15,17,17,12,13,4,3,8,10,10,12,5,11,3,15,4
Pn101520191,LRDFPSFIRTTNPEDILLNFMDREA,10,15,3,5,13,16,5,8,15,17,17,12,13,4,3,8,10,10,12,5,11,3,15,4,1
Pn101520192,RDFPSFIRTTNPEDILLNFMDREAQ,15,3,5,13,16,5,8,15,17,17,12,13,4,3,8,10,10,12,5,11,3,15,4,1,14
Pn101520193,DFPSFIRTTNPEDILLNFMDREAQR,3,5,13,16,5,8,15,17,17,12,13,4,3,8,10,10,12,5,11,3,15,4,1,14,15
Pn101520194,FPSFIRTTNPEDILLNFMDREAQRA,5,13,16,5,8,15,17,17,12,13,4,3,8,10,10,12,5,11,3,15,4,1,14,15,1
Pn101520195,PSFIRTTNPEDILLNFMDREAQRAT,13,16,5,8,15,17,17,12,13,4,3,8,10,10,12,5,11,3,15,4,1,14,15,1,17
Pn101520196,SFIRTTNPEDILLNFMDREAQRATR,16,5,8,15,17,17,12,13,4,3,8,10,10,12,5,11,3,15,4,1,14,15,1,17,15
Pn101520197,FIRTTNPEDILLNFMDREAQRATRA,5,8,15,17,17,12,13,4,3,8,10,10,12,5,11,3,15,4,1,14,15,1,17,15,1
Pn101520198,IRTTNPEDILLNFMDREAQRATRAS,8,15,17,17,12,13,4,3,8,10,10,12,5,11,3,15,4,1,14,15,1,17,15,1,16
Pn101520199,RTTNPEDILLNFMDREAQRATRASA,15,17,17,12,13,4,3,8,10,10,12,5,11,3,15,4,1,14,15,1,17,15,1,16,1
Pn101520200,TTNPEDILLNFMDREAQRATRASAI,17,17,12,13,4,3,8,10,10,12,5,11,3,15,4,1,14,15,1,17,15,1,16,1,8
Pn101520201,TNPEDILLNFMDREAQRATRASAIV,17,12,13,4,3,8,10,10,12,5,11,3,15,4,1,14,15,1,17,15,1,16,1,8,18
Pn101520202,NPEDILLNFMDREAQRATRASAIVI,12,13,4,3,8,10,10,12,5,11,3,15,4,1,14,15,1,17,15,1,16,1,8,18,8
Pn101520203,PEDILLNFMDREAQRATRASAIVIN,13,4,3,8,10,10,12,5,11,3,15,4,1,14,15,1,17,15,1,16,1,8,18,8,12
Pn101520204,EDILLNFMDREAQRATRASAIVINT,4,3,8,10,10,12,5,11,3,15,4,1,14,15,1,17,15,1,16,1,8,18,8,12,17
Pn101520205,DILLNFMDREAQRATRASAIVINTF,3,8,10,10,12,5,11,3,15,4,1,14,15,1,17,15,1,16,1,8,18,8,12,17,5
Pn101520206,ILLNFMDREAQRATRASAIVINTFD,8,10,10,12,5,11,3,15,4,1,14,15,1,17,15,1,16,1,8,18,8,12,17,5,3
Pn101520207,LLNFMDREAQRATRASAIVINTFDE,10,10,12,5,11,3,15,4,1,14,15,1,17,15,1,16,1,8,18,8,12,17,5,3,4
Pn101520208,LNFMDREAQRATRASAIVINTFDEL,10,12,5,11,3,15,4,1,14,15,1,17,15,1,16,1,8,18,8,12,17,5,3,4,10
Pn101520209,NFMDREAQRATRASAIVINTFDELE,12,5,11,3,15,4,1,14,15,1,17,15,1,16,1,8,18,8,12,17,5,3,4,10,4
Pn101520210,FMDREAQRATRASAIVINTFDELEA,5,11,3,15,4,1,14,15,1,17,15,1,16,1,8,18,8,12,17,5,3,4,10,4,1
Pn101520211,MDREAQRATRASAIVINTFDELEAT,11,3,15,4,1,14,15,1,17,15,1,16,1,8,18,8,12,17,5,3,4,10,4,1,17
Pn101520212,DREAQRATRASAIVINTFDELEATT,3,15,4,1,14,15,1,17,15,1,16,1,8,18,8,12,17,5,3,4,10,4,1,17,17
Pn101520213,REAQRATRASAIVINTFDELEATTL,15,4,1,14,15,1,17,15,1,16,1,8,18,8,12,17,5,3,4,10,4,1,17,17,10
Pn101520214,EAQRATRASAIVINTFDELEATTLD,4,1,14,15,1,17,15,1,16,1,8,18,8,12,17,5,3,4,10,4,1,17,17,10,3
Pn101520215,AQRATRASAIVINTFDELEATTLDA,1,14,15,1,17,15,1,16,1,8,18,8,12,17,5,3,4,10,4,1,17,17,10,3,1
Pn101520216,QRATRASAIVINTFDELEATTLDAL,14,15,1,17,15,1,16,1,8,18,8,12,17,5,3,4,10,4,1,17,17,10,3,1,10
Pn101520217,RATRASAIVINTFDELEATTLDALK,15,1,17,15,1,16,1,8,18,8,12,17,5,3,4,10,4,1,17,17,10,3,1,10,9
Pn101520218,ATRASAIVINTFDELEATTLDALKQ,1,17,15,1,16,1,8,18,8,12,17,5,3,4,10,4,1,17,17,10,3,1,10,9,14
Pn101520219,TRASAIVINTFDELEATTLDALKQS,17,15,1,16,1,8,18,8,12,17,5,3,4,10,4,1,17,17,10,3,1,10,9,14,16
Pn101520220,RASAIVINTFDELEATTLDALKQSF,15,1,16,1,8,18,8,12,17,5,3,4,10,4,1,17,17,10,3,1,10,9,14,16,5
Pn101520221,ASAIVINTFDELEATTLDALKQSFP,1,16,1,8,18,8,12,17,5,3,4,10,4,1,17,17,10,3,1,10,9,14,16,5,13
Pn101520222,SAIVINTFDELEATTLDALKQSFPK,16,1,8,18,8,12,17,5,3,4,10,4,1,17,17,10,3,1,10,9,14,16,5,13,9
Pn101520223,AIVINTFDELEATTLDALKQSFPKI,1,8,18,8,12,17,5,3,4,10,4,1,17,17,10,3,1,10,9,14,16,5,13,9,8
Pn101520224,IVINTFDELEATTLDALKQSFPKIY,8,18,8,12,17,5,3,4,10,4,1,17,17,10,3,1,10,9,14,16,5,13,9,8,20
Pn101520225,VINTFDELEATTLDALKQSFPKIYT,18,8,12,17,5,3,4,10,4,1,17,17,10,3,1,10,9,14,16,5,13,9,8,20,17
Pn101520226,INTFDELEATTLDALKQSFPKIYTV,8,12,17,5,3,4,10,4,1,17,17,10,3,1,10,9,14,16,5,13,9,8,20,17,18
Pn101520227,NTFDELEATTLDALKQSFPKIYTVG,12,17,5,3,4,10,4,1,17,17,10,3,1,10,9,14,16,5,13,9,8,20,17,18,6
Pn101520228,TFDELEATTLDALKQSFPKIYTVGP,17,5,3,4,10,4,1,17,17,10,3,1,10,9,14,16,5,13,9,8,20,17,18,6,13
Pn101520229,FDELEATTLDALKQSFPKIYTVGPL,5,3,4,10,4,1,17,17,10,3,1,10,9,14,16,5,13,9,8,20,17,18,6,13,10
Pn101520230,DELEATTLDALKQSFPKIYTVGPLS,3,4,10,4,1,17,17,10,3,1,10,9,14,16,5,13,9,8,20,17,18,6,13,10,16
Pn101520231,ELEATTLDALKQSFPKIYTVGPLSL,4,10,4,1,17,17,10,3,1,10,9,14,16,5,13,9,8,20,17,18,6,13,10,16,10
Pn101520232,LEATTLDALKQSFPKIYTVGPLSLM,10,4,1,17,17,10,3,1,10,9,14,16,5,13,9,8,20,17,18,6,13,10,16,10,11
Pn101520233,EATTLDALKQSFPKIYTVGPLSLMC,4,1,17,17,10,3,1,10,9,14,16,5,13,9,8,20,17,18,6,13,10,16,10,11,2
Pn101520234,ATTLDALKQSFPKIYTVGPLSLMCN,1,17,17,10,3,1,10,9,14,16,5,13,9,8,20,17,18,6,13,10,16,10,11,2,12
Pn101520235,TTLDALKQSFPKIYTVGPLSLMCNQ,17,17,10,3,1,10,9,14,16,5,13,9,8,20,17,18,6,13,10,16,10,11,2,12,14
Pn101520236,TLDALKQSFPKIYTVGPLSLMCNQI,17,10,3,1,10,9,14,16,5,13,9,8,20,17,18,6,13,10,16,10,11,2,12,14,8
Pn101520237,LDALKQSFPKIYTVGPLSLMCNQID,10,3,1,10,9,14,16,5,13,9,8,20,17,18,6,13,10,16,10,11,2,12,14,8,3
Pn101520238,DALKQSFPKIYTVGPLSLMCNQIDD,3,1,10,9,14,16,5,13,9,8,20,17,18,6,13,10,16,10,11,2,12,14,8,3,3
Pn101520239,ALKQSFPKIYTVGPLSLMCNQIDDP,1,10,9,14,16,5,13,9,8,20,17,18,6,13,10,16,10,11,2,12,14,8,3,3,13
Pn101520240,LKQSFPKIYTVGPLSLMCNQIDDPR,10,9,14,16,5,13,9,8,20,17,18,6,13,10,16,10,11,2,12,14,8,3,3,13,15
Pn101520241,KQSFPKIYTVGPLSLMCNQIDDPRL,9,14,16,5,13,9,8,20,17,18,6,13,10,16,10,11,2,12,14,8,3,3,13,15,10
Pn101520242,QSFPKIYTVGPLSLMCNQIDDPRLT,14,16,5,13,9,8,20,17,18,6,13,10,16,10,11,2,12,14,8,3,3,13,15,10,17
Pn101520243,SFPKIYTVGPLSLMCNQIDDPRLTS,16,5,13,9,8,20,17,18,6,13,10,16,10,11,2,12,14,8,3,3,13,15,10,17,16
Pn101520244,FPKIYTVGPLSLMCNQIDDPRLTSL,5,13,9,8,20,17,18,6,13,10,16,10,11,2,12,14,8,3,3,13,15,10,17,16,10
Pn101520245,PKIYTVGPLSLMCNQIDDPRLTSLA,13,9,8,20,17,18,6,13,10,16,10,11,2,12,14,8,3,3,13,15,10,17,16,10,1
Pn101520246,KIYTVGPLSLMCNQIDDPRLTSLAS,9,8,20,17,18,6,13,10,16,10,11,2,12,14,8,3,3,13,15,10,17,16,10,1,16
Pn101520247,IYTVGPLSLMCNQIDDPRLTSLASN,8,20,17,18,6,13,10,16,10,11,2,12,14,8,3,3,13,15,10,17,16,10,1,16,12
Pn101520248,YTVGPLSLMCNQIDDPRLTSLASNL,20,17,18,6,13,10,16,10,11,2,12,14,8,3,3,13,15,10,17,16,10,1,16,12,10
Pn101520249,TVGPLSLMCNQIDDPRLTSLASNLW,17,18,6,13,10,16,10,11,2,12,14,8,3,3,13,15,10,17,16,10,1,16,12,10,19
Pn101520250,VGPLSLMCNQIDDPRLTSLASNLWK,18,6,13,10,16,10,11,2,12,14,8,3,3,13,15,10,17,16,10,1,16,12,10,19,9
Pn101520251,GPLSLMCNQIDDPRLTSLASNLWKE,6,13,10,16,10,11,2,12,14,8,3,3,13,15,10,17,16,10,1,16,12,10,19,9,4
Pn101520252,PLSLMCNQIDDPRLTSLASNLWKED,13,10,16,10,11,2,12,14,8,3,3,13,15,10,17,16,10,1,16,12,10,19,9,4,3
Pn101520253,LSLMCNQIDDPRLTSLASNLWKEDT,10,16,10,11,2,12,14,8,3,3,13,15,10,17,16,10,1,16,12,10,19,9,4,3,17
Pn101520254,SLMCNQIDDPRLTSLASNLWKEDTS,16,10,11,2,12,14,8,3,3,13,15,10,17,16,10,1,16,12,10,19,9,4,3,17,16
Pn101520255,LMCNQIDDPRLTSLASNLWKEDTSC,10,11,2,12,14,8,3,3,13,15,10,17,16,10,1,16,12,10,19,9,4,3,17,16,2
Pn101520256,MCNQIDDPRLTSLASNLWKEDTSCI,11,2,12,14,8,3,3,13,15,10,17,16,10,1,16,12,10,19,9,4,3,17,16,2,8
Pn101520257,CNQIDDPRLTSLASNLWKEDTSCIE,2,12,14,8,3,3,13,15,10,17,16,10,1,16,12,10,19,9,4,3,17,16,2,8,4
Pn101520258,NQIDDPRLTSLASNLWKEDTSCIEW,12,14,8,3,3,13,15,10,17,16,10,1,16,12,10,19,9,4,3,17,16,2,8,4,19
Pn101520259,QIDDPRLTSLASNLWKEDTSCIEWL,14,8,3,3,13,15,10,17,16,10,1,16,12,10,19,9,4,3,17,16,2,8,4,19,10
Pn101520260,IDDPRLTSLASNLWKEDTSCIEWLD,8,3,3,13,15,10,17,16,10,1,16,12,10,19,9,4,3,17,16,2,8,4,19,10,3
Pn101520261,DDPRLTSLASNLWKEDTSCIEWLDT,3,3,13,15,10,17,16,10,1,16,12,10,19,9,4,3,17,16,2,8,4,19,10,3,17
Pn101520262,DPRLTSLASNLWKEDTSCIEWLDTK,3,13,15,10,17,16,10,1,16,12,10,19,9,4,3,17,16,2,8,4,19,10,3,17,9
Pn101520263,PRLTSLASNLWKEDTSCIEWLDTKA,13,15,10,17,16,10,1,16,12,10,19,9,4,3,17,16,2,8,4,19,10,3,17,9,1
Pn101520264,RLTSLASNLWKEDTSCIEWLDTKAP,15,10,17,16,10,1,16,12,10,19,9,4,3,17,16,2,8,4,19,10,3,17,9,1,13
Pn101520265,LTSLASNLWKEDTSCIEWLDTKAPA,10,17,16,10,1,16,12,10,19,9,4,3,17,16,2,8,4,19,10,3,17,9,1,13,1
Pn101520266,TSLASNLWKEDTSCIEWLDTKAPAS,17,16,10,1,16,12,10,19,9,4,3,17,16,2,8,4,19,10,3,17,9,1,13,1,16
Pn101520267,SLASNLWKEDTSCIEWLDTKAPASI,16,10,1,16,12,10,19,9,4,3,17,16,2,8,4,19,10,3,17,9,1,13,1,16,8
Pn101520268,LASNLWKEDTSCIEWLDTKAPASIV,10,1,16,12,10,19,9,4,3,17,16,2,8,4,19,10,3,17,9,1,13,1,16,8,18
Pn101520269,ASNLWKEDTSCIEWLDTKAPASIVY,1,16,12,10,19,9,4,3,17,16,2,8,4,19,10,3,17,9,1,13,1,16,8,18,20
Pn101520270,SNLWKEDTSCIEWLDTKAPASIVYV,16,12,10,19,9,4,3,17,16,2,8,4,19,10,3,17,9,1,13,1,16,8,18,20,18
Pn101520271,NLWKEDTSCIEWLDTKAPASIVYVN,12,10,19,9,4,3,17,16,2,8,4,19,10,3,17,9,1,13,1,16,8,18,20,18,12
Pn101520272,LWKEDTSCIEWLDTKAPASIVYVNF,10,19,9,4,3,17,16,2,8,4,19,10,3,17,9,1,13,1,16,8,18,20,18,12,5
Pn101520273,WKEDTSCIEWLDTKAPASIVYVNFG,19,9,4,3,17,16,2,8,4,19,10,3,17,9,1,13,1,16,8,18,20,18,12,5,6
Pn101520274,KEDTSCIEWLDTKAPASIVYVNFGS,9,4,3,17,16,2,8,4,19,10,3,17,9,1,13,1,16,8,18,20,18,12,5,6,16
Pn101520275,EDTSCIEWLDTKAPASIVYVNFGSF,4,3,17,16,2,8,4,19,10,3,17,9,1,13,1,16,8,18,20,18,12,5,6,16,5
Pn101520276,DTSCIEWLDTKAPASIVYVNFGSFT,3,17,16,2,8,4,19,10,3,17,9,1,13,1,16,8,18,20,18,12,5,6,16,5,17
Pn101520277,TSCIEWLDTKAPASIVYVNFGSFTV,17,16,2,8,4,19,10,3,17,9,1,13,1,16,8,18,20,18,12,5,6,16,5,17,18
Pn101520278,SCIEWLDTKAPASIVYVNFGSFTVM,16,2,8,4,19,10,3,17,9,1,13,1,16,8,18,20,18,12,5,6,16,5,17,18,11
Pn101520279,CIEWLDTKAPASIVYVNFGSFTVMT,2,8,4,19,10,3,17,9,1,13,1,16,8,18,20,18,12,5,6,16,5,17,18,11,17
Pn101520280,IEWLDTKAPASIVYVNFGSFTVMTV,8,4,19,10,3,17,9,1,13,1,16,8,18,20,18,12,5,6,16,5,17,18,11,17,18
Pn101520281,EWLDTKAPASIVYVNFGSFTVMTVK,4,19,10,3,17,9,1,13,1,16,8,18,20,18,12,5,6,16,5,17,18,11,17,18,9
Pn101520282,WLDTKAPASIVYVNFGSFTVMTVKQ,19,10,3,17,9,1,13,1,16,8,18,20,18,12,5,6,16,5,17,18,11,17,18,9,14
Pn101520283,LDTKAPASIVYVNFGSFTVMTVKQL,10,3,17,9,1,13,1,16,8,18,20,18,12,5,6,16,5,17,18,11,17,18,9,14,10
Pn101520284,DTKAPASIVYVNFGSFTVMTVKQLK,3,17,9,1,13,1,16,8,18,20,18,12,5,6,16,5,17,18,11,17,18,9,14,10,9
Pn101520285,TKAPASIVYVNFGSFTVMTVKQLKE,17,9,1,13,1,16,8,18,20,18,12,5,6,16,5,17,18,11,17,18,9,14,10,9,4
Pn101520286,KAPASIVYVNFGSFTVMTVKQLKEF,9,1,13,1,16,8,18,20,18,12,5,6,16,5,17,18,11,17,18,9,14,10,9,4,5
Pn101520287,APASIVYVNFGSFTVMTVKQLKEFA,1,13,1,16,8,18,20,18,12,5,6,16,5,17,18,11,17,18,9,14,10,9,4,5,1
Pn101520288,PASIVYVNFGSFTVMTVKQLKEFAW,13,1,16,8,18,20,18,12,5,6,16,5,17,18,11,17,18,9,14,10,9,4,5,1,19
Pn101520289,ASIVYVNFGSFTVMTVKQLKEFAWG,1,16,8,18,20,18,12,5,6,16,5,17,18,11,17,18,9,14,10,9,4,5,1,19,6
Pn101520290,SIVYVNFGSFTVMTVKQLKEFAWGL,16,8,18,20,18,12,5,6,16,5,17,18,11,17,18,9,14,10,9,4,5,1,19,6,10
Pn101520291,IVYVNFGSFTVMTVKQLKEFAWGLA,8,18,20,18,12,5,6,16,5,17,18,11,17,18,9,14,10,9,4,5,1,19,6,10,1
Pn101520292,VYVNFGSFTVMTVKQLKEFAWGLAN,18,20,18,12,5,6,16,5,17,18,11,17,18,9,14,10,9,4,5,1,19,6,10,1,12
Pn101520293,YVNFGSFTVMTVKQLKEFAWGLANS,20,18,12,5,6,16,5,17,18,11,17,18,9,14,10,9,4,5,1,19,6,10,1,12,16
Pn101520294,VNFGSFTVMTVKQLKEFAWGLANSK,18,12,5,6,16,5,17,18,11,17,18,9,14,10,9,4,5,1,19,6,10,1,12,16,9
Pn101520295,NFGSFTVMTVKQLKEFAWGLANSKH,12,5,6,16,5,17,18,11,17,18,9,14,10,9,4,5,1,19,6,10,1,12,16,9,7
Pn101520296,FGSFTVMTVKQLKEFAWGLANSKHP,5,6,16,5,17,18,11,17,18,9,14,10,9,4,5,1,19,6,10,1,12,16,9,7,13
Pn101520297,GSFTVMTVKQLKEFAWGLANSKHPF,6,16,5,17,18,11,17,18,9,14,10,9,4,5,1,19,6,10,1,12,16,9,7,13,5
Pn101520298,SFTVMTVKQLKEFAWGLANSKHPFL,16,5,17,18,11,17,18,9,14,10,9,4,5,1,19,6,10,1,12,16,9,7,13,5,10
Pn101520299,FTVMTVKQLKEFAWGLANSKHPFLW,5,17,18,11,17,18,9,14,10,9,4,5,1,19,6,10,1,12,16,9,7,13,5,10,19
Pn101520300,TVMTVKQLKEFAWGLANSKHPFLWV,17,18,11,17,18,9,14,10,9,4,5,1,19,6,10,1,12,16,9,7,13,5,10,19,18
Pn101520301,VMTVKQLKEFAWGLANSKHPFLWVI,18,11,17,18,9,14,10,9,4,5,1,19,6,10,1,12,16,9,7,13,5,10,19,18,8
Pn101520302,MTVKQLKEFAWGLANSKHPFLWVIR,11,17,18,9,14,10,9,4,5,1,19,6,10,1,12,16,9,7,13,5,10,19,18,8,15
Pn101520303,TVKQLKEFAWGLANSKHPFLWVIRP,17,18,9,14,10,9,4,5,1,19,6,10,1,12,16,9,7,13,5,10,19,18,8,15,13
Pn101520304,VKQLKEFAWGLANSKHPFLWVIRPD,18,9,14,10,9,4,5,1,19,6,10,1,12,16,9,7,13,5,10,19,18,8,15,13,3
Pn101520305,KQLKEFAWGLANSKHPFLWVIRPDL,9,14,10,9,4,5,1,19,6,10,1,12,16,9,7,13,5,10,19,18,8,15,13,3,10
Pn101520306,QLKEFAWGLANSKHPFLWVIRPDLV,14,10,9,4,5,1,19,6,10,1,12,16,9,7,13,5,10,19,18,8,15,13,3,10,18
Pn101520307,LKEFAWGLANSKHPFLWVIRPDLVK,10,9,4,5,1,19,6,10,1,12,16,9,7,13,5,10,19,18,8,15,13,3,10,18,9
Pn101520308,KEFAWGLANSKHPFLWVIRPDLVKG,9,4,5,1,19,6,10,1,12,16,9,7,13,5,10,19,18,8,15,13,3,10,18,9,6
Pn101520309,EFAWGLANSKHPFLWVIRPDLVKGE,4,5,1,19,6,10,1,12,16,9,7,13,5,10,19,18,8,15,13,3,10,18,9,6,4
Pn101520310,FAWGLANSKHPFLWVIRPDLVKGES,5,1,19,6,10,1,12,16,9,7,13,5,10,19,18,8,15,13,3,10,18,9,6,4,16
Pn101520311,AWGLANSKHPFLWVIRPDLVKGESA,1,19,6,10,1,12,16,9,7,13,5,10,19,18,8,15,13,3,10,18,9,6,4,16,1
Pn101520312,WGLANSKHPFLWVIRPDLVKGESAM,19,6,10,1,12,16,9,7,13,5,10,19,18,8,15,13,3,10,18,9,6,4,16,1,11
Pn101520313,GLANSKHPFLWVIRPDLVKGESAML,6,10,1,12,16,9,7,13,5,10,19,18,8,15,13,3,10,18,9,6,4,16,1,11,10
Pn101520314,LANSKHPFLWVIRPDLVKGESAMLP,10,1,12,16,9,7,13,5,10,19,18,8,15,13,3,10,18,9,6,4,16,1,11,10,13
Pn101520315,ANSKHPFLWVIRPDLVKGESAMLPD,1,12,16,9,7,13,5,10,19,18,8,15,13,3,10,18,9,6,4,16,1,11,10,13,3
Pn101520316,NSKHPFLWVIRPDLVKGESAMLPDE,12,16,9,7,13,5,10,19,18,8,15,13,3,10,18,9,6,4,16,1,11,10,13,3,4
Pn101520317,SKHPFLWVIRPDLVKGESAMLPDEF,16,9,7,13,5,10,19,18,8,15,13,3,10,18,9,6,4,16,1,11,10,13,3,4,5
Pn101520318,KHPFLWVIRPDLVKGESAMLPDEFV,9,7,13,5,10,19,18,8,15,13,3,10,18,9,6,4,16,1,11,10,13,3,4,5,18
Pn101520319,HPFLWVIRPDLVKGESAMLPDEFVA,7,13,5,10,19,18,8,15,13,3,10,18,9,6,4,16,1,11,10,13,3,4,5,18,1
Pn101520320,PFLWVIRPDLVKGESAMLPDEFVAT,13,5,10,19,18,8,15,13,3,10,18,9,6,4,16,1,11,10,13,3,4,5,18,1,17
Pn101520321,FLWVIRPDLVKGESAMLPDEFVATT,5,10,19,18,8,15,13,3,10,18,9,6,4,16,1,11,10,13,3,4,5,18,1,17,17
Pn101520322,LWVIRPDLVKGESAMLPDEFVATTA,10,19,18,8,15,13,3,10,18,9,6,4,16,1,11,10,13,3,4,5,18,1,17,17,1
Pn101520323,WVIRPDLVKGESAMLPDEFVATTAG,19,18,8,15,13,3,10,18,9,6,4,16,1,11,10,13,3,4,5,18,1,17,17,1,6
Pn101520324,VIRPDLVKGESAMLPDEFVATTAGR,18,8,15,13,3,10,18,9,6,4,16,1,11,10,13,3,4,5,18,1,17,17,1,6,15
Pn101520325,IRPDLVKGESAMLPDEFVATTAGRG,8,15,13,3,10,18,9,6,4,16,1,11,10,13,3,4,5,18,1,17,17,1,6,15,6
Pn101520326,RPDLVKGESAMLPDEFVATTAGRGL,15,13,3,10,18,9,6,4,16,1,11,10,13,3,4,5,18,1,17,17,1,6,15,6,10
Pn101520327,PDLVKGESAMLPDEFVATTAGRGLL,13,3,10,18,9,6,4,16,1,11,10,13,3,4,5,18,1,17,17,1,6,15,6,10,10
Pn101520328,DLVKGESAMLPDEFVATTAGRGLLV,3,10,18,9,6,4,16,1,11,10,13,3,4,5,18,1,17,17,1,6,15,6,10,10,18
Pn101520329,LVKGESAMLPDEFVATTAGRGLLVS,10,18,9,6,4,16,1,11,10,13,3,4,5,18,1,17,17,1,6,15,6,10,10,18,16
Pn101520330,VKGESAMLPDEFVATTAGRGLLVSW,18,9,6,4,16,1,11,10,13,3,4,5,18,1,17,17,1,6,15,6,10,10,18,16,19
Pn101520331,KGESAMLPDEFVATTAGRGLLVSWV,9,6,4,16,1,11,10,13,3,4,5,18,1,17,17,1,6,15,6,10,10,18,16,19,18
Pn101520332,GESAMLPDEFVATTAGRGLLVSWVP,6,4,16,1,11,10,13,3,4,5,18,1,17,17,1,6,15,6,10,10,18,16,19,18,13
Pn101520333,ESAMLPDEFVATTAGRGLLVSWVPQ,4,16,1,11,10,13,3,4,5,18,1,17,17,1,6,15,6,10,10,18,16,19,18,13,14
Pn101520334,SAMLPDEFVATTAGRGLLVSWVPQE,16,1,11,10,13,3,4,5,18,1,17,17,1,6,15,6,10,10,18,16,19,18,13,14,4
Pn101520335,AMLPDEFVATTAGRGLLVSWVPQER,1,11,10,13,3,4,5,18,1,17,17,1,6,15,6,10,10,18,16,19,18,13,14,4,15
Pn101520336,MLPDEFVATTAGRGLLVSWVPQERV,11,10,13,3,4,5,18,1,17,17,1,6,15,6,10,10,18,16,19,18,13,14,4,15,18
Pn101520337,LPDEFVATTAGRGLLVSWVPQERVL,10,13,3,4,5,18,1,17,17,1,6,15,6,10,10,18,16,19,18,13,14,4,15,18,10
Pn101520338,PDEFVATTAGRGLLVSWVPQERVLN,13,3,4,5,18,1,17,17,1,6,15,6,10,10,18,16,19,18,13,14,4,15,18,10,12
Pn101520339,DEFVATTAGRGLLVSWVPQERVLNH,3,4,5,18,1,17,17,1,6,15,6,10,10,18,16,19,18,13,14,4,15,18,10,12,7
Pn101520340,EFVATTAGRGLLVSWVPQERVLNHS,4,5,18,1,17,17,1,6,15,6,10,10,18,16,19,18,13,14,4,15,18,10,12,7,16
Pn101520341,FVATTAGRGLLVSWVPQERVLNHSS,5,18,1,17,17,1,6,15,6,10,10,18,16,19,18,13,14,4,15,18,10,12,7,16,16
Pn101520342,VATTAGRGLLVSWVPQERVLNHSSV,18,1,17,17,1,6,15,6,10,10,18,16,19,18,13,14,4,15,18,10,12,7,16,16,18
Pn101520343,ATTAGRGLLVSWVPQERVLNHSSVG,1,17,17,1,6,15,6,10,10,18,16,19,18,13,14,4,15,18,10,12,7,16,16,18,6
Pn101520344,TTAGRGLLVSWVPQERVLNHSSVGA,17,17,1,6,15,6,10,10,18,16,19,18,13,14,4,15,18,10,12,7,16,16,18,6,1
Pn101520345,TAGRGLLVSWVPQERVLNHSSVGAF,17,1,6,15,6,10,10,18,16,19,18,13,14,4,15,18,10,12,7,16,16,18,6,1,5
Pn101520346,AGRGLLVSWVPQERVLNHSSVGAFL,1,6,15,6,10,10,18,16,19,18,13,14,4,15,18,10,12,7,16,16,18,6,1,5,10
Pn101520347,GRGLLVSWVPQERVLNHSSVGAFLT,6,15,6,10,10,18,16,19,18,13,14,4,15,18,10,12,7,16,16,18,6,1,5,10,17
Pn101520348,RGLLVSWVPQERVLNHSSVGAFLTH,15,6,10,10,18,16,19,18,13,14,4,15,18,10,12,7,16,16,18,6,1,5,10,17,7
Pn101520349,GLLVSWVPQERVLNHSSVGAFLTHS,6,10,10,18,16,19,18,13,14,4,15,18,10,12,7,16,16,18,6,1,5,10,17,7,16
Pn101520350,LLVSWVPQERVLNHSSVGAFLTHSG,10,10,18,16,19,18,13,14,4,15,18,10,12,7,16,16,18,6,1,5,10,17,7,16,6
Pn101520351,LVSWVPQERVLNHSSVGAFLTHSGW,10,18,16,19,18,13,14,4,15,18,10,12,7,16,16,18,6,1,5,10,17,7,16,6,19
Pn101520352,VSWVPQERVLNHSSVGAFLTHSGWN,18,16,19,18,13,14,4,15,18,10,12,7,16,16,18,6,1,5,10,17,7,16,6,19,12
Pn101520353,SWVPQERVLNHSSVGAFLTHSGWNS,16,19,18,13,14,4,15,18,10,12,7,16,16,18,6,1,5,10,17,7,16,6,19,12,16
Pn101520354,WVPQERVLNHSSVGAFLTHSGWNST,19,18,13,14,4,15,18,10,12,7,16,16,18,6,1,5,10,17,7,16,6,19,12,16,17
Pn101520355,VPQERVLNHSSVGAFLTHSGWNSTV,18,13,14,4,15,18,10,12,7,16,16,18,6,1,5,10,17,7,16,6,19,12,16,17,18
Pn101520356,PQERVLNHSSVGAFLTHSGWNSTVE,13,14,4,15,18,10,12,7,16,16,18,6,1,5,10,17,7,16,6,19,12,16,17,18,4
Pn101520357,QERVLNHSSVGAFLTHSGWNSTVES,14,4,15,18,10,12,7,16,16,18,6,1,5,10,17,7,16,6,19,12,16,17,18,4,16
Pn101520358,ERVLNHSSVGAFLTHSGWNSTVESI,4,15,18,10,12,7,16,16,18,6,1,5,10,17,7,16,6,19,12,16,17,18,4,16,8
Pn101520359,RVLNHSSVGAFLTHSGWNSTVESIS,15,18,10,12,7,16,16,18,6,1,5,10,17,7,16,6,19,12,16,17,18,4,16,8,16
Pn101520360,VLNHSSVGAFLTHSGWNSTVESISS,18,10,12,7,16,16,18,6,1,5,10,17,7,16,6,19,12,16,17,18,4,16,8,16,16
Pn101520361,LNHSSVGAFLTHSGWNSTVESISSG,10,12,7,16,16,18,6,1,5,10,17,7,16,6,19,12,16,17,18,4,16,8,16,16,6
Pn101520362,NHSSVGAFLTHSGWNSTVESISSGV,12,7,16,16,18,6,1,5,10,17,7,16,6,19,12,16,17,18,4,16,8,16,16,6,18
Pn101520363,HSSVGAFLTHSGWNSTVESISSGVP,7,16,16,18,6,1,5,10,17,7,16,6,19,12,16,17,18,4,16,8,16,16,6,18,13
Pn101520364,SSVGAFLTHSGWNSTVESISSGVPV,16,16,18,6,1,5,10,17,7,16,6,19,12,16,17,18,4,16,8,16,16,6,18,13,18
Pn101520365,SVGAFLTHSGWNSTVESISSGVPVL,16,18,6,1,5,10,17,7,16,6,19,12,16,17,18,4,16,8,16,16,6,18,13,18,10
Pn101520366,VGAFLTHSGWNSTVESISSGVPVLC,18,6,1,5,10,17,7,16,6,19,12,16,17,18,4,16,8,16,16,6,18,13,18,10,2
Pn101520367,GAFLTHSGWNSTVESISSGVPVLCW,6,1,5,10,17,7,16,6,19,12,16,17,18,4,16,8,16,16,6,18,13,18,10,2,19
Pn101520368,AFLTHSGWNSTVESISSGVPVLCWP,1,5,10,17,7,16,6,19,12,16,17,18,4,16,8,16,16,6,18,13,18,10,2,19,13
Pn101520369,FLTHSGWNSTVESISSGVPVLCWPF,5,10,17,7,16,6,19,12,16,17,18,4,16,8,16,16,6,18,13,18,10,2,19,13,5
Pn101520370,LTHSGWNSTVESISSGVPVLCWPFF,10,17,7,16,6,19,12,16,17,18,4,16,8,16,16,6,18,13,18,10,2,19,13,5,5
Pn101520371,THSGWNSTVESISSGVPVLCWPFFA,17,7,16,6,19,12,16,17,18,4,16,8,16,16,6,18,13,18,10,2,19,13,5,5,1
Pn101520372,HSGWNSTVESISSGVPVLCWPFFAE,7,16,6,19,12,16,17,18,4,16,8,16,16,6,18,13,18,10,2,19,13,5,5,1,4
Pn101520373,SGWNSTVESISSGVPVLCWPFFAEQ,16,6,19,12,16,17,18,4,16,8,16,16,6,18,13,18,10,2,19,13,5,5,1,4,14
Pn101520374,GWNSTVESISSGVPVLCWPFFAEQQ,6,19,12,16,17,18,4,16,8,16,16,6,18,13,18,10,2,19,13,5,5,1,4,14,14
Pn101520375,WNSTVESISSGVPVLCWPFFAEQQT,19,12,16,17,18,4,16,8,16,16,6,18,13,18,10,2,19,13,5,5,1,4,14,14,17
Pn101520376,NSTVESISSGVPVLCWPFFAEQQTN,12,16,17,18,4,16,8,16,16,6,18,13,18,10,2,19,13,5,5,1,4,14,14,17,12
Pn101520377,STVESISSGVPVLCWPFFAEQQTNC,16,17,18,4,16,8,16,16,6,18,13,18,10,2,19,13,5,5,1,4,14,14,17,12,2
Pn101520378,TVESISSGVPVLCWPFFAEQQTNCW,17,18,4,16,8,16,16,6,18,13,18,10,2,19,13,5,5,1,4,14,14,17,12,2,19
Pn101520379,VESISSGVPVLCWPFFAEQQTNCWF,18,4,16,8,16,16,6,18,13,18,10,2,19,13,5,5,1,4,14,14,17,12,2,19,5
Pn101520380,ESISSGVPVLCWPFFAEQQTNCWFS,4,16,8,16,16,6,18,13,18,10,2,19,13,5,5,1,4,14,14,17,12,2,19,5,16
Pn101520381,SISSGVPVLCWPFFAEQQTNCWFSC,16,8,16,16,6,18,13,18,10,2,19,13,5,5,1,4,14,14,17,12,2,19,5,16,2
Pn101520382,ISSGVPVLCWPFFAEQQTNCWFSCT,8,16,16,6,18,13,18,10,2,19,13,5,5,1,4,14,14,17,12,2,19,5,16,2,17
Pn101520383,SSGVPVLCWPFFAEQQTNCWFSCTE,16,16,6,18,13,18,10,2,19,13,5,5,1,4,14,14,17,12,2,19,5,16,2,17,4
Pn101520384,SGVPVLCWPFFAEQQTNCWFSCTEW,16,6,18,13,18,10,2,19,13,5,5,1,4,14,14,17,12,2,19,5,16,2,17,4,19
Pn101520385,GVPVLCWPFFAEQQTNCWFSCTEWG,6,18,13,18,10,2,19,13,5,5,1,4,14,14,17,12,2,19,5,16,2,17,4,19,6
Pn101520386,VPVLCWPFFAEQQTNCWFSCTEWGI,18,13,18,10,2,19,13,5,5,1,4,14,14,17,12,2,19,5,16,2,17,4,19,6,8
Pn101520387,PVLCWPFFAEQQTNCWFSCTEWGIG,13,18,10,2,19,13,5,5,1,4,14,14,17,12,2,19,5,16,2,17,4,19,6,8,6
Pn101520388,VLCWPFFAEQQTNCWFSCTEWGIGM,18,10,2,19,13,5,5,1,4,14,14,17,12,2,19,5,16,2,17,4,19,6,8,6,11
Pn101520389,LCWPFFAEQQTNCWFSCTEWGIGME,10,2,19,13,5,5,1,4,14,14,17,12,2,19,5,16,2,17,4,19,6,8,6,11,4
Pn101520390,CWPFFAEQQTNCWFSCTEWGIGMEI,2,19,13,5,5,1,4,14,14,17,12,2,19,5,16,2,17,4,19,6,8,6,11,4,8
Pn101520391,WPFFAEQQTNCWFSCTEWGIGMEID,19,13,5,5,1,4,14,14,17,12,2,19,5,16,2,17,4,19,6,8,6,11,4,8,3
Pn101520392,PFFAEQQTNCWFSCTEWGIGMEIDN,13,5,5,1,4,14,14,17,12,2,19,5,16,2,17,4,19,6,8,6,11,4,8,3,12
Pn101520393,FFAEQQTNCWFSCTEWGIGMEIDND,5,5,1,4,14,14,17,12,2,19,5,16,2,17,4,19,6,8,6,11,4,8,3,12,3
Pn101520394,FAEQQTNCWFSCTEWGIGMEIDNDV,5,1,4,14,14,17,12,2,19,5,16,2,17,4,19,6,8,6,11,4,8,3,12,3,18
Pn101520395,AEQQTNCWFSCTEWGIGMEIDNDVK,1,4,14,14,17,12,2,19,5,16,2,17,4,19,6,8,6,11,4,8,3,12,3,18,9
Pn101520396,EQQTNCWFSCTEWGIGMEIDNDVKR,4,14,14,17,12,2,19,5,16,2,17,4,19,6,8,6,11,4,8,3,12,3,18,9,15
Pn101520397,QQTNCWFSCTEWGIGMEIDNDVKRV,14,14,17,12,2,19,5,16,2,17,4,19,6,8,6,11,4,8,3,12,3,18,9,15,18
Pn101520398,QTNCWFSCTEWGIGMEIDNDVKRVE,14,17,12,2,19,5,16,2,17,4,19,6,8,6,11,4,8,3,12,3,18,9,15,18,4
Pn101520399,TNCWFSCTEWGIGMEIDNDVKRVEV,17,12,2,19,5,16,2,17,4,19,6,8,6,11,4,8,3,12,3,18,9,15,18,4,18
Pn101520400,NCWFSCTEWGIGMEIDNDVKRVEVE,12,2,19,5,16,2,17,4,19,6,8,6,11,4,8,3,12,3,18,9,15,18,4,18,4
Pn101520401,CWFSCTEWGIGMEIDNDVKRVEVEG,2,19,5,16,2,17,4,19,6,8,6,11,4,8,3,12,3,18,9,15,18,4,18,4,6
Pn101520402,WFSCTEWGIGMEIDNDVKRVEVEGL,19,5,16,2,17,4,19,6,8,6,11,4,8,3,12,3,18,9,15,18,4,18,4,6,10
Pn101520403,FSCTEWGIGMEIDNDVKRVEVEGLV,5,16,2,17,4,19,6,8,6,11,4,8,3,12,3,18,9,15,18,4,18,4,6,10,18
Pn101520404,SCTEWGIGMEIDNDVKRVEVEGLVR,16,2,17,4,19,6,8,6,11,4,8,3,12,3,18,9,15,18,4,18,4,6,10,18,15
Pn101520405,CTEWGIGMEIDNDVKRVEVEGLVRE,2,17,4,19,6,8,6,11,4,8,3,12,3,18,9,15,18,4,18,4,6,10,18,15,4
Pn101520406,TEWGIGMEIDNDVKRVEVEGLVREL,17,4,19,6,8,6,11,4,8,3,12,3,18,9,15,18,4,18,4,6,10,18,15,4,10
Pn101520407,EWGIGMEIDNDVKRVEVEGLVRELM,4,19,6,8,6,11,4,8,3,12,3,18,9,15,18,4,18,4,6,10,18,15,4,10,11
Pn101520408,WGIGMEIDNDVKRVEVEGLVRELME,19,6,8,6,11,4,8,3,12,3,18,9,15,18,4,18,4,6,10,18,15,4,10,11,4
Pn101520409,GIGMEIDNDVKRVEVEGLVRELMEG,6,8,6,11,4,8,3,12,3,18,9,15,18,4,18,4,6,10,18,15,4,10,11,4,6
Pn101520410,IGMEIDNDVKRVEVEGLVRELMEGE,8,6,11,4,8,3,12,3,18,9,15,18,4,18,4,6,10,18,15,4,10,11,4,6,4
Pn101520411,GMEIDNDVKRVEVEGLVRELMEGEK,6,11,4,8,3,12,3,18,9,15,18,4,18,4,6,10,18,15,4,10,11,4,6,4,9
Pn101520412,MEIDNDVKRVEVEGLVRELMEGEKG,11,4,8,3,12,3,18,9,15,18,4,18,4,6,10,18,15,4,10,11,4,6,4,9,6
Pn101520413,EIDNDVKRVEVEGLVRELMEGEKGK,4,8,3,12,3,18,9,15,18,4,18,4,6,10,18,15,4,10,11,4,6,4,9,6,9
Pn101520414,IDNDVKRVEVEGLVRELMEGEKGKE,8,3,12,3,18,9,15,18,4,18,4,6,10,18,15,4,10,11,4,6,4,9,6,9,4
Pn101520415,DNDVKRVEVEGLVRELMEGEKGKEL,3,12,3,18,9,15,18,4,18,4,6,10,18,15,4,10,11,4,6,4,9,6,9,4,10
Pn101520416,NDVKRVEVEGLVRELMEGEKGKELR,12,3,18,9,15,18,4,18,4,6,10,18,15,4,10,11,4,6,4,9,6,9,4,10,15
Pn101520417,DVKRVEVEGLVRELMEGEKGKELRR,3,18,9,15,18,4,18,4,6,10,18,15,4,10,11,4,6,4,9,6,9,4,10,15,15
Pn101520418,VKRVEVEGLVRELMEGEKGKELRRK,18,9,15,18,4,18,4,6,10,18,15,4,10,11,4,6,4,9,6,9,4,10,15,15,9
Pn101520419,KRVEVEGLVRELMEGEKGKELRRKA,9,15,18,4,18,4,6,10,18,15,4,10,11,4,6,4,9,6,9,4,10,15,15,9,1
Pn101520420,RVEVEGLVRELMEGEKGKELRRKAK,15,18,4,18,4,6,10,18,15,4,10,11,4,6,4,9,6,9,4,10,15,15,9,1,9
Pn101520421,VEVEGLVRELMEGEKGKELRRKAKE,18,4,18,4,6,10,18,15,4,10,11,4,6,4,9,6,9,4,10,15,15,9,1,9,4
Pn101520422,EVEGLVRELMEGEKGKELRRKAKEL,4,18,4,6,10,18,15,4,10,11,4,6,4,9,6,9,4,10,15,15,9,1,9,4,10
Pn101520423,VEGLVRELMEGEKGKELRRKAKELK,18,4,6,10,18,15,4,10,11,4,6,4,9,6,9,4,10,15,15,9,1,9,4,10,9
Pn101520424,EGLVRELMEGEKGKELRRKAKELKI,4,6,10,18,15,4,10,11,4,6,4,9,6,9,4,10,15,15,9,1,9,4,10,9,8
Pn101520425,GLVRELMEGEKGKELRRKAKELKIG,6,10,18,15,4,10,11,4,6,4,9,6,9,4,10,15,15,9,1,9,4,10,9,8,6
Pn101520426,LVRELMEGEKGKELRRKAKELKIGA,10,18,15,4,10,11,4,6,4,9,6,9,4,10,15,15,9,1,9,4,10,9,8,6,1
Pn101520427,VRELMEGEKGKELRRKAKELKIGAI,18,15,4,10,11,4,6,4,9,6,9,4,10,15,15,9,1,9,4,10,9,8,6,1,8
Pn101520428,RELMEGEKGKELRRKAKELKIGAIK,15,4,10,11,4,6,4,9,6,9,4,10,15,15,9,1,9,4,10,9,8,6,1,8,9
Pn101520429,ELMEGEKGKELRRKAKELKIGAIKA,4,10,11,4,6,4,9,6,9,4,10,15,15,9,1,9,4,10,9,8,6,1,8,9,1
Pn101520430,LMEGEKGKELRRKAKELKIGAIKAT,10,11,4,6,4,9,6,9,4,10,15,15,9,1,9,4,10,9,8,6,1,8,9,1,17
Pn101520431,MEGEKGKELRRKAKELKIGAIKATQ,11,4,6,4,9,6,9,4,10,15,15,9,1,9,4,10,9,8,6,1,8,9,1,17,14
Pn101520432,EGEKGKELRRKAKELKIGAIKATQP,4,6,4,9,6,9,4,10,15,15,9,1,9,4,10,9,8,6,1,8,9,1,17,14,13
Pn101520433,GEKGKELRRKAKELKIGAIKATQPG,6,4,9,6,9,4,10,15,15,9,1,9,4,10,9,8,6,1,8,9,1,17,14,13,6
Pn101520434,EKGKELRRKAKELKIGAIKATQPGG,4,9,6,9,4,10,15,15,9,1,9,4,10,9,8,6,1,8,9,1,17,14,13,6,6
Pn101520435,KGKELRRKAKELKIGAIKATQPGGS,9,6,9,4,10,15,15,9,1,9,4,10,9,8,6,1,8,9,1,17,14,13,6,6,16
Pn101520436,GKELRRKAKELKIGAIKATQPGGSS,6,9,4,10,15,15,9,1,9,4,10,9,8,6,1,8,9,1,17,14,13,6,6,16,16
Pn101520437,KELRRKAKELKIGAIKATQPGGSSY,9,4,10,15,15,9,1,9,4,10,9,8,6,1,8,9,1,17,14,13,6,6,16,16,20
Pn101520438,ELRRKAKELKIGAIKATQPGGSSYI,4,10,15,15,9,1,9,4,10,9,8,6,1,8,9,1,17,14,13,6,6,16,16,20,8
Pn101520439,LRRKAKELKIGAIKATQPGGSSYIN,10,15,15,9,1,9,4,10,9,8,6,1,8,9,1,17,14,13,6,6,16,16,20,8,12
Pn101520440,RRKAKELKIGAIKATQPGGSSYINL,15,15,9,1,9,4,10,9,8,6,1,8,9,1,17,14,13,6,6,16,16,20,8,12,10
Pn101520441,RKAKELKIGAIKATQPGGSSYINLD,15,9,1,9,4,10,9,8,6,1,8,9,1,17,14,13,6,6,16,16,20,8,12,10,3
Pn101520442,KAKELKIGAIKATQPGGSSYINLDK,9,1,9,4,10,9,8,6,1,8,9,1,17,14,13,6,6,16,16,20,8,12,10,3,9
Pn101520443,AKELKIGAIKATQPGGSSYINLDKL,1,9,4,10,9,8,6,1,8,9,1,17,14,13,6,6,16,16,20,8,12,10,3,9,10
Pn101520444,KELKIGAIKATQPGGSSYINLDKLV,9,4,10,9,8,6,1,8,9,1,17,14,13,6,6,16,16,20,8,12,10,3,9,10,18
Pn101520445,ELKIGAIKATQPGGSSYINLDKLVK,4,10,9,8,6,1,8,9,1,17,14,13,6,6,16,16,20,8,12,10,3,9,10,18,9
Pn101520446,LKIGAIKATQPGGSSYINLDKLVKE,10,9,8,6,1,8,9,1,17,14,13,6,6,16,16,20,8,12,10,3,9,10,18,9,4
Pn101520447,KIGAIKATQPGGSSYINLDKLVKEE,9,8,6,1,8,9,1,17,14,13,6,6,16,16,20,8,12,10,3,9,10,18,9,4,4
Pn101520448,IGAIKATQPGGSSYINLDKLVKEEL,8,6,1,8,9,1,17,14,13,6,6,16,16,20,8,12,10,3,9,10,18,9,4,4,10
Pn101520449,GAIKATQPGGSSYINLDKLVKEELS,6,1,8,9,1,17,14,13,6,6,16,16,20,8,12,10,3,9,10,18,9,4,4,10,16
Pn101520450,AIKATQPGGSSYINLDKLVKEELST,1,8,9,1,17,14,13,6,6,16,16,20,8,12,10,3,9,10,18,9,4,4,10,16,17
Pn101520451,IKATQPGGSSYINLDKLVKEELSTN,8,9,1,17,14,13,6,6,16,16,20,8,12,10,3,9,10,18,9,4,4,10,16,17,12
Pn101520452,KATQPGGSSYINLDKLVKEELSTNS,9,1,17,14,13,6,6,16,16,20,8,12,10,3,9,10,18,9,4,4,10,16,17,12,16
Pn101520453,ATQPGGSSYINLDKLVKEELSTNSP,1,17,14,13,6,6,16,16,20,8,12,10,3,9,10,18,9,4,4,10,16,17,12,16,13
Pn101520454,TQPGGSSYINLDKLVKEELSTNSPV,17,14,13,6,6,16,16,20,8,12,10,3,9,10,18,9,4,4,10,16,17,12,16,13,18
Pn1015190,MNSKTCLAPFRDLLINLNNAPDMPQ,11,12,16,9,17,2,10,1,13,5,15,3,10,10,8,12,10,12,12,1,13,3,11,13,14
Pn1015191,NSKTCLAPFRDLLINLNNAPDMPQV,12,16,9,17,2,10,1,13,5,15,3,10,10,8,12,10,12,12,1,13,3,11,13,14,18
Pn10151934,MSFTLDAAEELLLPEIVFWTTSACL,11,16,5,17,10,3,1,1,4,4,10,10,10,13,4,8,18,5,19,17,17,16,1,2,10
Pn10151935,SFTLDAAEELLLPEIVFWTTSACLL,16,5,17,10,3,1,1,4,4,10,10,10,13,4,8,18,5,19,17,17,16,1,2,10,10
Pn10151936,FTLDAAEELLLPEIVFWTTSACLLL,5,17,10,3,1,1,4,4,10,10,10,13,4,8,18,5,19,17,17,16,1,2,10,10,10
Pn10151937,TLDAAEELLLPEIVFWTTSACLLLS,17,10,3,1,1,4,4,10,10,10,13,4,8,18,5,19,17,17,16,1,2,10,10,10,16
Pn10151938,LDAAEELLLPEIVFWTTSACLLLSL,10,3,1,1,4,4,10,10,10,13,4,8,18,5,19,17,17,16,1,2,10,10,10,16,10
Pn10151939,DAAEELLLPEIVFWTTSACLLLSLQ,3,1,1,4,4,10,10,10,13,4,8,18,5,19,17,17,16,1,2,10,10,10,16,10,14
Pn10151940,AAEELLLPEIVFWTTSACLLLSLQP,1,1,4,4,10,10,10,13,4,8,18,5,19,17,17,16,1,2,10,10,10,16,10,14,13
Pn10151941,AEELLLPEIVFWTTSACLLLSLQPD,1,4,4,10,10,10,13,4,8,18,5,19,17,17,16,1,2,10,10,10,16,10,14,13,3
Pn10151942,EELLLPEIVFWTTSACLLLSLQPDA,4,4,10,10,10,13,4,8,18,5,19,17,17,16,1,2,10,10,10,16,10,14,13,3,1
Pn10151943,ELLLPEIVFWTTSACLLLSLQPDAG,4,10,10,10,13,4,8,18,5,19,17,17,16,1,2,10,10,10,16,10,14,13,3,1,6
Pn1015180,MIAHTTLPDLLWGEALKTAVYLLNR,11,8,1,7,17,17,10,13,3,10,10,19,6,4,1,10,9,17,1,18,20,10,10,12,15
Pn1015181,IAHTTLPDLLWGEALKTAVYLLNRV,8,1,7,17,17,10,13,3,10,10,19,6,4,1,10,9,17,1,18,20,10,10,12,15,18
Pn1015182,AHTTLPDLLWGEALKTAVYLLNRVP,1,7,17,17,10,13,3,10,10,19,6,4,1,10,9,17,1,18,20,10,10,12,15,18,13
Pn1015183,HTTLPDLLWGEALKTAVYLLNRVPT,7,17,17,10,13,3,10,10,19,6,4,1,10,9,17,1,18,20,10,10,12,15,18,13,17
Pn1015184,TTLPDLLWGEALKTAVYLLNRVPTK,17,17,10,13,3,10,10,19,6,4,1,10,9,17,1,18,20,10,10,12,15,18,13,17,9
Pn1015185,TLPDLLWGEALKTAVYLLNRVPTKA,17,10,13,3,10,10,19,6,4,1,10,9,17,1,18,20,10,10,12,15,18,13,17,9,1
Pn1015186,LPDLLWGEALKTAVYLLNRVPTKAT,10,13,3,10,10,19,6,4,1,10,9,17,1,18,20,10,10,12,15,18,13,17,9,1,17
Pn1015187,PDLLWGEALKTAVYLLNRVPTKATV,13,3,10,10,19,6,4,1,10,9,17,1,18,20,10,10,12,15,18,13,17,9,1,17,18
Pn1015188,DLLWGEALKTAVYLLNRVPTKATVK,3,10,10,19,6,4,1,10,9,17,1,18,20,10,10,12,15,18,13,17,9,1,17,18,9
Pn1015189,LLWGEALKTAVYLLNRVPTKATVKT,10,10,19,6,4,1,10,9,17,1,18,20,10,10,12,15,18,13,17,9,1,17,18,9,17
Pn10151810,LWGEALKTAVYLLNRVPTKATVKTP,10,19,6,4,1,10,9,17,1,18,20,10,10,12,15,18,13,17,9,1,17,18,9,17,13
Pn10151811,WGEALKTAVYLLNRVPTKATVKTPY,19,6,4,1,10,9,17,1,18,20,10,10,12,15,18,13,17,9,1,17,18,9,17,13,20
Pn10151812,GEALKTAVYLLNRVPTKATVKTPYE,6,4,1,10,9,17,1,18,20,10,10,12,15,18,13,17,9,1,17,18,9,17,13,20,4
Pn10151813,EALKTAVYLLNRVPTKATVKTPYEL,4,1,10,9,17,1,18,20,10,10,12,15,18,13,17,9,1,17,18,9,17,13,20,4,10
Pn10151814,ALKTAVYLLNRVPTKATVKTPYELW,1,10,9,17,1,18,20,10,10,12,15,18,13,17,9,1,17,18,9,17,13,20,4,10,19
Pn10151815,LKTAVYLLNRVPTKATVKTPYELWT,10,9,17,1,18,20,10,10,12,15,18,13,17,9,1,17,18,9,17,13,20,4,10,19,17
Pn10151816,KTAVYLLNRVPTKATVKTPYELWTG,9,17,1,18,20,10,10,12,15,18,13,17,9,1,17,18,9,17,13,20,4,10,19,17,6
Pn10151817,TAVYLLNRVPTKATVKTPYELWTGN,17,1,18,20,10,10,12,15,18,13,17,9,1,17,18,9,17,13,20,4,10,19,17,6,12
Pn10151818,AVYLLNRVPTKATVKTPYELWTGNR,1,18,20,10,10,12,15,18,13,17,9,1,17,18,9,17,13,20,4,10,19,17,6,12,15
Pn10151819,VYLLNRVPTKATVKTPYELWTGNRP,18,20,10,10,12,15,18,13,17,9,1,17,18,9,17,13,20,4,10,19,17,6,12,15,13
Pn10151820,YLLNRVPTKATVKTPYELWTGNRPS,20,10,10,12,15,18,13,17,9,1,17,18,9,17,13,20,4,10,19,17,6,12,15,13,16
Pn10151821,LLNRVPTKATVKTPYELWTGNRPSI,10,10,12,15,18,13,17,9,1,17,18,9,17,13,20,4,10,19,17,6,12,15,13,16,8
Pn10151822,LNRVPTKATVKTPYELWTGNRPSIA,10,12,15,18,13,17,9,1,17,18,9,17,13,20,4,10,19,17,6,12,15,13,16,8,1
Pn10151823,NRVPTKATVKTPYELWTGNRPSIAH,12,15,18,13,17,9,1,17,18,9,17,13,20,4,10,19,17,6,12,15,13,16,8,1,7
Pn10151824,RVPTKATVKTPYELWTGNRPSIAHL,15,18,13,17,9,1,17,18,9,17,13,20,4,10,19,17,6,12,15,13,16,8,1,7,10
Pn10151825,VPTKATVKTPYELWTGNRPSIAHLR,18,13,17,9,1,17,18,9,17,13,20,4,10,19,17,6,12,15,13,16,8,1,7,10,15
Pn10151826,PTKATVKTPYELWTGNRPSIAHLRI,13,17,9,1,17,18,9,17,13,20,4,10,19,17,6,12,15,13,16,8,1,7,10,15,8
Pn10151827,TKATVKTPYELWTGNRPSIAHLRIW,17,9,1,17,18,9,17,13,20,4,10,19,17,6,12,15,13,16,8,1,7,10,15,8,19
Pn10151828,KATVKTPYELWTGNRPSIAHLRIWG,9,1,17,18,9,17,13,20,4,10,19,17,6,12,15,13,16,8,1,7,10,15,8,19,6
Pn10151829,ATVKTPYELWTGNRPSIAHLRIWGC,1,17,18,9,17,13,20,4,10,19,17,6,12,15,13,16,8,1,7,10,15,8,19,6,2
Pn10151830,TVKTPYELWTGNRPSIAHLRIWGCP,17,18,9,17,13,20,4,10,19,17,6,12,15,13,16,8,1,7,10,15,8,19,6,2,13
Pn10151831,VKTPYELWTGNRPSIAHLRIWGCPA,18,9,17,13,20,4,10,19,17,6,12,15,13,16,8,1,7,10,15,8,19,6,2,13,1
Pn10151832,KTPYELWTGNRPSIAHLRIWGCPAE,9,17,13,20,4,10,19,17,6,12,15,13,16,8,1,7,10,15,8,19,6,2,13,1,4
Pn10151833,TPYELWTGNRPSIAHLRIWGCPAEA,17,13,20,4,10,19,17,6,12,15,13,16,8,1,7,10,15,8,19,6,2,13,1,4,1
Pn10151834,PYELWTGNRPSIAHLRIWGCPAEAR,13,20,4,10,19,17,6,12,15,13,16,8,1,7,10,15,8,19,6,2,13,1,4,1,15
Pn10151835,YELWTGNRPSIAHLRIWGCPAEARP,20,4,10,19,17,6,12,15,13,16,8,1,7,10,15,8,19,6,2,13,1,4,1,15,13
Pn10151836,ELWTGNRPSIAHLRIWGCPAEARPY,4,10,19,17,6,12,15,13,16,8,1,7,10,15,8,19,6,2,13,1,4,1,15,13,20
Pn10151837,LWTGNRPSIAHLRIWGCPAEARPYR,10,19,17,6,12,15,13,16,8,1,7,10,15,8,19,6,2,13,1,4,1,15,13,20,15
Pn10151838,WTGNRPSIAHLRIWGCPAEARPYRP,19,17,6,12,15,13,16,8,1,7,10,15,8,19,6,2,13,1,4,1,15,13,20,15,13
Pn10151839,TGNRPSIAHLRIWGCPAEARPYRPN,17,6,12,15,13,16,8,1,7,10,15,8,19,6,2,13,1,4,1,15,13,20,15,13,12
Pn10151840,GNRPSIAHLRIWGCPAEARPYRPNE,6,12,15,13,16,8,1,7,10,15,8,19,6,2,13,1,4,1,15,13,20,15,13,12,4
Pn10151841,NRPSIAHLRIWGCPAEARPYRPNER,12,15,13,16,8,1,7,10,15,8,19,6,2,13,1,4,1,15,13,20,15,13,12,4,15
Pn10151842,RPSIAHLRIWGCPAEARPYRPNERK,15,13,16,8,1,7,10,15,8,19,6,2,13,1,4,1,15,13,20,15,13,12,4,15,9
Pn10151843,PSIAHLRIWGCPAEARPYRPNERKL,13,16,8,1,7,10,15,8,19,6,2,13,1,4,1,15,13,20,15,13,12,4,15,9,10
Pn10151844,SIAHLRIWGCPAEARPYRPNERKLD,16,8,1,7,10,15,8,19,6,2,13,1,4,1,15,13,20,15,13,12,4,15,9,10,3
Pn10151845,IAHLRIWGCPAEARPYRPNERKLDS,8,1,7,10,15,8,19,6,2,13,1,4,1,15,13,20,15,13,12,4,15,9,10,3,16
Pn10151846,AHLRIWGCPAEARPYRPNERKLDSR,1,7,10,15,8,19,6,2,13,1,4,1,15,13,20,15,13,12,4,15,9,10,3,16,15
Pn10151847,HLRIWGCPAEARPYRPNERKLDSRT,7,10,15,8,19,6,2,13,1,4,1,15,13,20,15,13,12,4,15,9,10,3,16,15,17
Pn10151848,LRIWGCPAEARPYRPNERKLDSRTV,10,15,8,19,6,2,13,1,4,1,15,13,20,15,13,12,4,15,9,10,3,16,15,17,18
Pn10151849,RIWGCPAEARPYRPNERKLDSRTVS,15,8,19,6,2,13,1,4,1,15,13,20,15,13,12,4,15,9,10,3,16,15,17,18,16
Pn10151850,IWGCPAEARPYRPNERKLDSRTVSS,8,19,6,2,13,1,4,1,15,13,20,15,13,12,4,15,9,10,3,16,15,17,18,16,16
Pn10151851,WGCPAEARPYRPNERKLDSRTVSSY,19,6,2,13,1,4,1,15,13,20,15,13,12,4,15,9,10,3,16,15,17,18,16,16,20
Pn10151852,GCPAEARPYRPNERKLDSRTVSSYF,6,2,13,1,4,1,15,13,20,15,13,12,4,15,9,10,3,16,15,17,18,16,16,20,5
Pn10151853,CPAEARPYRPNERKLDSRTVSSYFV,2,13,1,4,1,15,13,20,15,13,12,4,15,9,10,3,16,15,17,18,16,16,20,5,18
Pn10151854,PAEARPYRPNERKLDSRTVSSYFVG,13,1,4,1,15,13,20,15,13,12,4,15,9,10,3,16,15,17,18,16,16,20,5,18,6
Pn10151855,AEARPYRPNERKLDSRTVSSYFVGY,1,4,1,15,13,20,15,13,12,4,15,9,10,3,16,15,17,18,16,16,20,5,18,6,20
Pn10151856,EARPYRPNERKLDSRTVSSYFVGYS,4,1,15,13,20,15,13,12,4,15,9,10,3,16,15,17,18,16,16,20,5,18,6,20,16
Pn10151857,ARPYRPNERKLDSRTVSSYFVGYSE,1,15,13,20,15,13,12,4,15,9,10,3,16,15,17,18,16,16,20,5,18,6,20,16,4
Pn10151858,RPYRPNERKLDSRTVSSYFVGYSER,15,13,20,15,13,12,4,15,9,10,3,16,15,17,18,16,16,20,5,18,6,20,16,4,15
Pn10151859,PYRPNERKLDSRTVSSYFVGYSERS,13,20,15,13,12,4,15,9,10,3,16,15,17,18,16,16,20,5,18,6,20,16,4,15,16
Pn10151860,YRPNERKLDSRTVSSYFVGYSERSR,20,15,13,12,4,15,9,10,3,16,15,17,18,16,16,20,5,18,6,20,16,4,15,16,15
Pn10151861,RPNERKLDSRTVSSYFVGYSERSRG,15,13,12,4,15,9,10,3,16,15,17,18,16,16,20,5,18,6,20,16,4,15,16,15,6
Pn10151862,PNERKLDSRTVSSYFVGYSERSRGY,13,12,4,15,9,10,3,16,15,17,18,16,16,20,5,18,6,20,16,4,15,16,15,6,20
Pn10151863,NERKLDSRTVSSYFVGYSERSRGYK,12,4,15,9,10,3,16,15,17,18,16,16,20,5,18,6,20,16,4,15,16,15,6,20,9
Pn10151864,ERKLDSRTVSSYFVGYSERSRGYKF,4,15,9,10,3,16,15,17,18,16,16,20,5,18,6,20,16,4,15,16,15,6,20,9,5
Pn10151865,RKLDSRTVSSYFVGYSERSRGYKFY,15,9,10,3,16,15,17,18,16,16,20,5,18,6,20,16,4,15,16,15,6,20,9,5,20
Pn10151866,KLDSRTVSSYFVGYSERSRGYKFYD,9,10,3,16,15,17,18,16,16,20,5,18,6,20,16,4,15,16,15,6,20,9,5,20,3
Pn10151867,LDSRTVSSYFVGYSERSRGYKFYDP,10,3,16,15,17,18,16,16,20,5,18,6,20,16,4,15,16,15,6,20,9,5,20,3,13
Pn10151868,DSRTVSSYFVGYSERSRGYKFYDPT,3,16,15,17,18,16,16,20,5,18,6,20,16,4,15,16,15,6,20,9,5,20,3,13,17
Pn10151869,SRTVSSYFVGYSERSRGYKFYDPTI,16,15,17,18,16,16,20,5,18,6,20,16,4,15,16,15,6,20,9,5,20,3,13,17,8
Pn10151870,RTVSSYFVGYSERSRGYKFYDPTIR,15,17,18,16,16,20,5,18,6,20,16,4,15,16,15,6,20,9,5,20,3,13,17,8,15
Pn10151871,TVSSYFVGYSERSRGYKFYDPTIRS,17,18,16,16,20,5,18,6,20,16,4,15,16,15,6,20,9,5,20,3,13,17,8,15,16
Pn10151872,VSSYFVGYSERSRGYKFYDPTIRSF,18,16,16,20,5,18,6,20,16,4,15,16,15,6,20,9,5,20,3,13,17,8,15,16,5
Pn10151873,SSYFVGYSERSRGYKFYDPTIRSFF,16,16,20,5,18,6,20,16,4,15,16,15,6,20,9,5,20,3,13,17,8,15,16,5,5
Pn10151874,SYFVGYSERSRGYKFYDPTIRSFFE,16,20,5,18,6,20,16,4,15,16,15,6,20,9,5,20,3,13,17,8,15,16,5,5,4
Pn10151875,YFVGYSERSRGYKFYDPTIRSFFET,20,5,18,6,20,16,4,15,16,15,6,20,9,5,20,3,13,17,8,15,16,5,5,4,17
Pn10151876,FVGYSERSRGYKFYDPTIRSFFETR,5,18,6,20,16,4,15,16,15,6,20,9,5,20,3,13,17,8,15,16,5,5,4,17,15
Pn10151877,VGYSERSRGYKFYDPTIRSFFETRN,18,6,20,16,4,15,16,15,6,20,9,5,20,3,13,17,8,15,16,5,5,4,17,15,12
Pn10151878,GYSERSRGYKFYDPTIRSFFETRNA,6,20,16,4,15,16,15,6,20,9,5,20,3,13,17,8,15,16,5,5,4,17,15,12,1
Pn10151879,YSERSRGYKFYDPTIRSFFETRNAQ,20,16,4,15,16,15,6,20,9,5,20,3,13,17,8,15,16,5,5,4,17,15,12,1,14
Pn10151880,SERSRGYKFYDPTIRSFFETRNAQF,16,4,15,16,15,6,20,9,5,20,3,13,17,8,15,16,5,5,4,17,15,12,1,14,5
Pn10151881,ERSRGYKFYDPTIRSFFETRNAQFF,4,15,16,15,6,20,9,5,20,3,13,17,8,15,16,5,5,4,17,15,12,1,14,5,5
Pn10151882,RSRGYKFYDPTIRSFFETRNAQFFE,15,16,15,6,20,9,5,20,3,13,17,8,15,16,5,5,4,17,15,12,1,14,5,5,4
Pn10151883,SRGYKFYDPTIRSFFETRNAQFFED,16,15,6,20,9,5,20,3,13,17,8,15,16,5,5,4,17,15,12,1,14,5,5,4,3
Pn10151884,RGYKFYDPTIRSFFETRNAQFFEDV,15,6,20,9,5,20,3,13,17,8,15,16,5,5,4,17,15,12,1,14,5,5,4,3,18
Pn10151885,GYKFYDPTIRSFFETRNAQFFEDVE,6,20,9,5,20,3,13,17,8,15,16,5,5,4,17,15,12,1,14,5,5,4,3,18,4
Pn10151886,YKFYDPTIRSFFETRNAQFFEDVEF,20,9,5,20,3,13,17,8,15,16,5,5,4,17,15,12,1,14,5,5,4,3,18,4,5
Pn10151887,KFYDPTIRSFFETRNAQFFEDVEFG,9,5,20,3,13,17,8,15,16,5,5,4,17,15,12,1,14,5,5,4,3,18,4,5,6
Pn10151888,FYDPTIRSFFETRNAQFFEDVEFGG,5,20,3,13,17,8,15,16,5,5,4,17,15,12,1,14,5,5,4,3,18,4,5,6,6
Pn10151889,YDPTIRSFFETRNAQFFEDVEFGGG,20,3,13,17,8,15,16,5,5,4,17,15,12,1,14,5,5,4,3,18,4,5,6,6,6
Pn10151890,DPTIRSFFETRNAQFFEDVEFGGGN,3,13,17,8,15,16,5,5,4,17,15,12,1,14,5,5,4,3,18,4,5,6,6,6,12
Pn10151891,PTIRSFFETRNAQFFEDVEFGGGNE,13,17,8,15,16,5,5,4,17,15,12,1,14,5,5,4,3,18,4,5,6,6,6,12,4
Pn10151892,TIRSFFETRNAQFFEDVEFGGGNEV,17,8,15,16,5,5,4,17,15,12,1,14,5,5,4,3,18,4,5,6,6,6,12,4,18
Pn10151893,IRSFFETRNAQFFEDVEFGGGNEVR,8,15,16,5,5,4,17,15,12,1,14,5,5,4,3,18,4,5,6,6,6,12,4,18,15
Pn10151894,RSFFETRNAQFFEDVEFGGGNEVRD,15,16,5,5,4,17,15,12,1,14,5,5,4,3,18,4,5,6,6,6,12,4,18,15,3
Pn10151895,SFFETRNAQFFEDVEFGGGNEVRDF,16,5,5,4,17,15,12,1,14,5,5,4,3,18,4,5,6,6,6,12,4,18,15,3,5
Pn10151896,FFETRNAQFFEDVEFGGGNEVRDFV,5,5,4,17,15,12,1,14,5,5,4,3,18,4,5,6,6,6,12,4,18,15,3,5,18
Pn10151897,FETRNAQFFEDVEFGGGNEVRDFVF,5,4,17,15,12,1,14,5,5,4,3,18,4,5,6,6,6,12,4,18,15,3,5,18,5
Pn10151898,ETRNAQFFEDVEFGGGNEVRDFVFE,4,17,15,12,1,14,5,5,4,3,18,4,5,6,6,6,12,4,18,15,3,5,18,5,4
Pn10151899,TRNAQFFEDVEFGGGNEVRDFVFEE,17,15,12,1,14,5,5,4,3,18,4,5,6,6,6,12,4,18,15,3,5,18,5,4,4
Pn101518100,RNAQFFEDVEFGGGNEVRDFVFEEE,15,12,1,14,5,5,4,3,18,4,5,6,6,6,12,4,18,15,3,5,18,5,4,4,4
Pn101518101,NAQFFEDVEFGGGNEVRDFVFEEES,12,1,14,5,5,4,3,18,4,5,6,6,6,12,4,18,15,3,5,18,5,4,4,4,16
Pn101518102,AQFFEDVEFGGGNEVRDFVFEEESD,1,14,5,5,4,3,18,4,5,6,6,6,12,4,18,15,3,5,18,5,4,4,4,16,3
Pn101518103,QFFEDVEFGGGNEVRDFVFEEESDS,14,5,5,4,3,18,4,5,6,6,6,12,4,18,15,3,5,18,5,4,4,4,16,3,16
Pn101518104,FFEDVEFGGGNEVRDFVFEEESDSF,5,5,4,3,18,4,5,6,6,6,12,4,18,15,3,5,18,5,4,4,4,16,3,16,5
Pn101518105,FEDVEFGGGNEVRDFVFEEESDSFL,5,4,3,18,4,5,6,6,6,12,4,18,15,3,5,18,5,4,4,4,16,3,16,5,10
Pn101518106,EDVEFGGGNEVRDFVFEEESDSFLM,4,3,18,4,5,6,6,6,12,4,18,15,3,5,18,5,4,4,4,16,3,16,5,10,11
Pn101518107,DVEFGGGNEVRDFVFEEESDSFLMI,3,18,4,5,6,6,6,12,4,18,15,3,5,18,5,4,4,4,16,3,16,5,10,11,8
Pn101518108,VEFGGGNEVRDFVFEEESDSFLMIV,18,4,5,6,6,6,12,4,18,15,3,5,18,5,4,4,4,16,3,16,5,10,11,8,18
Pn101518109,EFGGGNEVRDFVFEEESDSFLMIVL,4,5,6,6,6,12,4,18,15,3,5,18,5,4,4,4,16,3,16,5,10,11,8,18,10
Pn101518110,FGGGNEVRDFVFEEESDSFLMIVLD,5,6,6,6,12,4,18,15,3,5,18,5,4,4,4,16,3,16,5,10,11,8,18,10,3
Pn101518111,GGGNEVRDFVFEEESDSFLMIVLDN,6,6,6,12,4,18,15,3,5,18,5,4,4,4,16,3,16,5,10,11,8,18,10,3,12
Pn101518112,GGNEVRDFVFEEESDSFLMIVLDNN,6,6,12,4,18,15,3,5,18,5,4,4,4,16,3,16,5,10,11,8,18,10,3,12,12
Pn101518113,GNEVRDFVFEEESDSFLMIVLDNNQ,6,12,4,18,15,3,5,18,5,4,4,4,16,3,16,5,10,11,8,18,10,3,12,12,14
Pn101518114,NEVRDFVFEEESDSFLMIVLDNNQD,12,4,18,15,3,5,18,5,4,4,4,16,3,16,5,10,11,8,18,10,3,12,12,14,3
Pn101518115,EVRDFVFEEESDSFLMIVLDNNQDQ,4,18,15,3,5,18,5,4,4,4,16,3,16,5,10,11,8,18,10,3,12,12,14,3,14
Pn101518116,VRDFVFEEESDSFLMIVLDNNQDQG,18,15,3,5,18,5,4,4,4,16,3,16,5,10,11,8,18,10,3,12,12,14,3,14,6
Pn101518117,RDFVFEEESDSFLMIVLDNNQDQGH,15,3,5,18,5,4,4,4,16,3,16,5,10,11,8,18,10,3,12,12,14,3,14,6,7
Pn101518118,DFVFEEESDSFLMIVLDNNQDQGHI,3,5,18,5,4,4,4,16,3,16,5,10,11,8,18,10,3,12,12,14,3,14,6,7,8
Pn101518119,FVFEEESDSFLMIVLDNNQDQGHIS,5,18,5,4,4,4,16,3,16,5,10,11,8,18,10,3,12,12,14,3,14,6,7,8,16
Pn101518120,VFEEESDSFLMIVLDNNQDQGHISD,18,5,4,4,4,16,3,16,5,10,11,8,18,10,3,12,12,14,3,14,6,7,8,16,3
Pn101518121,FEEESDSFLMIVLDNNQDQGHISDV,5,4,4,4,16,3,16,5,10,11,8,18,10,3,12,12,14,3,14,6,7,8,16,3,18
Pn101518122,EEESDSFLMIVLDNNQDQGHISDVV,4,4,4,16,3,16,5,10,11,8,18,10,3,12,12,14,3,14,6,7,8,16,3,18,18
Pn101518123,EESDSFLMIVLDNNQDQGHISDVVQ,4,4,16,3,16,5,10,11,8,18,10,3,12,12,14,3,14,6,7,8,16,3,18,18,14
Pn101518124,ESDSFLMIVLDNNQDQGHISDVVQE,4,16,3,16,5,10,11,8,18,10,3,12,12,14,3,14,6,7,8,16,3,18,18,14,4
Pn101518125,SDSFLMIVLDNNQDQGHISDVVQET,16,3,16,5,10,11,8,18,10,3,12,12,14,3,14,6,7,8,16,3,18,18,14,4,17
Pn101518126,DSFLMIVLDNNQDQGHISDVVQETI,3,16,5,10,11,8,18,10,3,12,12,14,3,14,6,7,8,16,3,18,18,14,4,17,8
Pn101518127,SFLMIVLDNNQDQGHISDVVQETIP,16,5,10,11,8,18,10,3,12,12,14,3,14,6,7,8,16,3,18,18,14,4,17,8,13
Pn101518128,FLMIVLDNNQDQGHISDVVQETIPE,5,10,11,8,18,10,3,12,12,14,3,14,6,7,8,16,3,18,18,14,4,17,8,13,4
Pn101518129,LMIVLDNNQDQGHISDVVQETIPEL,10,11,8,18,10,3,12,12,14,3,14,6,7,8,16,3,18,18,14,4,17,8,13,4,10
Pn101518130,MIVLDNNQDQGHISDVVQETIPELQ,11,8,18,10,3,12,12,14,3,14,6,7,8,16,3,18,18,14,4,17,8,13,4,10,14
Pn101518131,IVLDNNQDQGHISDVVQETIPELQD,8,18,10,3,12,12,14,3,14,6,7,8,16,3,18,18,14,4,17,8,13,4,10,14,3
Pn101518132,VLDNNQDQGHISDVVQETIPELQDN,18,10,3,12,12,14,3,14,6,7,8,16,3,18,18,14,4,17,8,13,4,10,14,3,12
Pn101518133,LDNNQDQGHISDVVQETIPELQDNV,10,3,12,12,14,3,14,6,7,8,16,3,18,18,14,4,17,8,13,4,10,14,3,12,18
Pn101518134,DNNQDQGHISDVVQETIPELQDNVE,3,12,12,14,3,14,6,7,8,16,3,18,18,14,4,17,8,13,4,10,14,3,12,18,4
Pn101518135,NNQDQGHISDVVQETIPELQDNVEN,12,12,14,3,14,6,7,8,16,3,18,18,14,4,17,8,13,4,10,14,3,12,18,4,12
Pn101518136,NQDQGHISDVVQETIPELQDNVENL,12,14,3,14,6,7,8,16,3,18,18,14,4,17,8,13,4,10,14,3,12,18,4,12,10
Pn101518137,QDQGHISDVVQETIPELQDNVENLP,14,3,14,6,7,8,16,3,18,18,14,4,17,8,13,4,10,14,3,12,18,4,12,10,13
Pn101518138,DQGHISDVVQETIPELQDNVENLPN,3,14,6,7,8,16,3,18,18,14,4,17,8,13,4,10,14,3,12,18,4,12,10,13,12
Pn101518139,QGHISDVVQETIPELQDNVENLPNQ,14,6,7,8,16,3,18,18,14,4,17,8,13,4,10,14,3,12,18,4,12,10,13,12,14
Pn101518140,GHISDVVQETIPELQDNVENLPNQV,6,7,8,16,3,18,18,14,4,17,8,13,4,10,14,3,12,18,4,12,10,13,12,14,18
Pn101518141,HISDVVQETIPELQDNVENLPNQVI,7,8,16,3,18,18,14,4,17,8,13,4,10,14,3,12,18,4,12,10,13,12,14,18,8
Pn101518142,ISDVVQETIPELQDNVENLPNQVIS,8,16,3,18,18,14,4,17,8,13,4,10,14,3,12,18,4,12,10,13,12,14,18,8,16
Pn101518143,SDVVQETIPELQDNVENLPNQVISE,16,3,18,18,14,4,17,8,13,4,10,14,3,12,18,4,12,10,13,12,14,18,8,16,4
Pn101518144,DVVQETIPELQDNVENLPNQVISEE,3,18,18,14,4,17,8,13,4,10,14,3,12,18,4,12,10,13,12,14,18,8,16,4,4
Pn101518145,VVQETIPELQDNVENLPNQVISEEE,18,18,14,4,17,8,13,4,10,14,3,12,18,4,12,10,13,12,14,18,8,16,4,4,4
Pn101518146,VQETIPELQDNVENLPNQVISEEET,18,14,4,17,8,13,4,10,14,3,12,18,4,12,10,13,12,14,18,8,16,4,4,4,17
Pn101518147,QETIPELQDNVENLPNQVISEEETQ,14,4,17,8,13,4,10,14,3,12,18,4,12,10,13,12,14,18,8,16,4,4,4,17,14
Pn101518148,ETIPELQDNVENLPNQVISEEETQQ,4,17,8,13,4,10,14,3,12,18,4,12,10,13,12,14,18,8,16,4,4,4,17,14,14
Pn101518149,TIPELQDNVENLPNQVISEEETQQP,17,8,13,4,10,14,3,12,18,4,12,10,13,12,14,18,8,16,4,4,4,17,14,14,13
Pn101518150,IPELQDNVENLPNQVISEEETQQPQ,8,13,4,10,14,3,12,18,4,12,10,13,12,14,18,8,16,4,4,4,17,14,14,13,14
Pn101518151,PELQDNVENLPNQVISEEETQQPQE,13,4,10,14,3,12,18,4,12,10,13,12,14,18,8,16,4,4,4,17,14,14,13,14,4
Pn101518152,ELQDNVENLPNQVISEEETQQPQEQ,4,10,14,3,12,18,4,12,10,13,12,14,18,8,16,4,4,4,17,14,14,13,14,4,14
Pn101518153,LQDNVENLPNQVISEEETQQPQEQM,10,14,3,12,18,4,12,10,13,12,14,18,8,16,4,4,4,17,14,14,13,14,4,14,11
Pn101518154,QDNVENLPNQVISEEETQQPQEQMP,14,3,12,18,4,12,10,13,12,14,18,8,16,4,4,4,17,14,14,13,14,4,14,11,13
Pn101518155,DNVENLPNQVISEEETQQPQEQMPL,3,12,18,4,12,10,13,12,14,18,8,16,4,4,4,17,14,14,13,14,4,14,11,13,10
Pn101518156,NVENLPNQVISEEETQQPQEQMPLR,12,18,4,12,10,13,12,14,18,8,16,4,4,4,17,14,14,13,14,4,14,11,13,10,15
Pn101518157,VENLPNQVISEEETQQPQEQMPLRR,18,4,12,10,13,12,14,18,8,16,4,4,4,17,14,14,13,14,4,14,11,13,10,15,15
Pn101518158,ENLPNQVISEEETQQPQEQMPLRRS,4,12,10,13,12,14,18,8,16,4,4,4,17,14,14,13,14,4,14,11,13,10,15,15,16
Pn101518159,NLPNQVISEEETQQPQEQMPLRRST,12,10,13,12,14,18,8,16,4,4,4,17,14,14,13,14,4,14,11,13,10,15,15,16,17
Pn101518160,LPNQVISEEETQQPQEQMPLRRSTR,10,13,12,14,18,8,16,4,4,4,17,14,14,13,14,4,14,11,13,10,15,15,16,17,15
Pn101518161,PNQVISEEETQQPQEQMPLRRSTRE,13,12,14,18,8,16,4,4,4,17,14,14,13,14,4,14,11,13,10,15,15,16,17,15,4
Pn101518162,NQVISEEETQQPQEQMPLRRSTREK,12,14,18,8,16,4,4,4,17,14,14,13,14,4,14,11,13,10,15,15,16,17,15,4,9
Pn101518163,QVISEEETQQPQEQMPLRRSTREKR,14,18,8,16,4,4,4,17,14,14,13,14,4,14,11,13,10,15,15,16,17,15,4,9,15
Pn101518164,VISEEETQQPQEQMPLRRSTREKRK,18,8,16,4,4,4,17,14,14,13,14,4,14,11,13,10,15,15,16,17,15,4,9,15,9
Pn101518165,ISEEETQQPQEQMPLRRSTREKRKA,8,16,4,4,4,17,14,14,13,14,4,14,11,13,10,15,15,16,17,15,4,9,15,9,1
Pn101518166,SEEETQQPQEQMPLRRSTREKRKAI,16,4,4,4,17,14,14,13,14,4,14,11,13,10,15,15,16,17,15,4,9,15,9,1,8
Pn101518167,EEETQQPQEQMPLRRSTREKRKAIS,4,4,4,17,14,14,13,14,4,14,11,13,10,15,15,16,17,15,4,9,15,9,1,8,16
Pn101518168,EETQQPQEQMPLRRSTREKRKAISD,4,4,17,14,14,13,14,4,14,11,13,10,15,15,16,17,15,4,9,15,9,1,8,16,3
